,labels
NR_028869.1	d__Bacteria,1
NR_074480.2	d__Bacteria,1
NR_041324.1	d__Bacteria,1
NR_025033.1	d__Bacteria,1
NR_042428.1	d__Bacteria,1
NR_042428.1	d__Bacteria,1
NR_118608.1	d__Bacteria,1
NR_118128.1	d__Bacteria,1
NR_044853.1	d__Bacteria,1
NR_026083.1	d__Bacteria,1
NR_026057.1	d__Bacteria,1
NR_028673.1	d__Bacteria,1
NR_042165.1	d__Bacteria,1
NR_116466.1	d__Bacteria,1
NR_025615.1	d__Bacteria,1
NR_025615.1	d__Bacteria,1
NR_026083.1	d__Bacteria,1
NR_114971.1	d__Bacteria,1
NR_114803.1	d__Bacteria,1
NR_041870.1	d__Bacteria,1
NR_041875.1	d__Bacteria,1
NR_025615.1	d__Bacteria,1
NR_044853.1	d__Bacteria,1
NR_118608.1	d__Bacteria,1
NR_041696.1	d__Bacteria,1
NR_043413.1	d__Bacteria,1
NR_041696.1	d__Bacteria,1
NR_074480.2	d__Bacteria,1
NR_025433.1	d__Bacteria,1
NR_042428.1	d__Bacteria,1
NR_042428.1	d__Bacteria,1
NR_041870.1	d__Bacteria,1
NR_074480.2	d__Bacteria,1
NR_025615.1	d__Bacteria,1
NR_025615.1	d__Bacteria,1
NR_025615.1	d__Bacteria,1
NR_044853.1	d__Bacteria,1
NR_043146.1	d__Bacteria,1
NR_118608.1	d__Bacteria,1
NR_025012.1	d__Bacteria,1
NR_115572.1	d__Bacteria,1
NR_042165.1	d__Bacteria,1
NR_113340.1	d__Bacteria,1
NR_145527.1	d__Bacteria,1
NR_044975.1	d__Bacteria,1
NR_112076.1	d__Bacteria,1
NR_159107.1	d__Bacteria,1
NR_157699.1	d__Bacteria,1
NR_121714.1	d__Bacteria,1
NR_040817.1	d__Bacteria,1
NR_156802.1	d__Bacteria,1
NR_156802.1	d__Bacteria,1
NR_156072.1	d__Bacteria,1
NR_152678.1	d__Bacteria,1
NR_152004.1	d__Bacteria,1
NR_074480.2	d__Bacteria,1
NR_036774.1	d__Bacteria,1
NR_074459.2	d__Bacteria,1
NR_025921.1	d__Bacteria,1
NR_118794.1	d__Bacteria,1
NR_074500.2	d__Bacteria,1
NR_146813.2	d__Bacteria,1
NR_036828.1	d__Bacteria,1
NR_074335.2	d__Bacteria,1
NR_074513.2	d__Bacteria,1
NR_118920.1	d__Bacteria,1
NR_103935.2	d__Bacteria,1
NR_118693.2	d__Bacteria,1
NR_026415.1	d__Bacteria,1
NR_145898.1	d__Bacteria,1
NR_148820.1	d__Bacteria,1
NR_148756.1	d__Bacteria,1
NR_148643.1	d__Bacteria,1
NR_148328.1	d__Bacteria,1
NR_148265.1	d__Bacteria,1
NR_147774.1	d__Bacteria,1
NR_146850.1	d__Bacteria,1
NR_146370.1	d__Bacteria,1
NR_145898.1	d__Bacteria,1
NR_024640.1	d__Bacteria,1
NR_145589.1	d__Bacteria,1
NR_043437.1	d__Bacteria,1
NR_144606.1	d__Bacteria,1
NR_137421.1	d__Bacteria,1
NR_137407.1	d__Bacteria,1
NR_137367.1	d__Bacteria,1
NR_137342.1	d__Bacteria,1
NR_137341.1	d__Bacteria,1
NR_116021.1	d__Bacteria,1
NR_136425.1	d__Bacteria,1
NR_135883.1	d__Bacteria,1
NR_135871.1	d__Bacteria,1
NR_135861.1	d__Bacteria,1
NR_134830.1	d__Bacteria,1
NR_134706.1	d__Bacteria,1
NR_134684.1	d__Bacteria,1
NR_134067.1	d__Bacteria,1
NR_132596.1	d__Bacteria,1
NR_132596.1	d__Bacteria,1
NR_134061.1	d__Bacteria,1
NR_134010.1	d__Bacteria,1
NR_134005.1	d__Bacteria,1
NR_043598.1	d__Bacteria,1
NR_133992.1	d__Bacteria,1
NR_042354.1	d__Bacteria,1
NR_025035.1	d__Bacteria,1
NR_133038.1	d__Bacteria,1
NG_042880.1	d__Bacteria,1
NR_132596.1	d__Bacteria,1
NR_113909.1	d__Bacteria,1
NG_041960.1	d__Bacteria,1
NR_126290.1	d__Bacteria,1
NR_115546.2	d__Bacteria,1
NR_125621.1	d__Bacteria,1
NR_125593.1	d__Bacteria,1
NR_125592.1	d__Bacteria,1
NR_125488.1	d__Bacteria,1
NR_112076.1	d__Bacteria,1
NR_121781.1	d__Bacteria,1
NR_044660.3	d__Bacteria,1
NR_119320.1	d__Bacteria,1
NR_041868.1	d__Bacteria,1
NR_043044.1	d__Bacteria,1
NR_113909.1	d__Bacteria,1
NR_024905.1	d__Bacteria,1
NR_040814.1	d__Bacteria,1
NR_042845.1	d__Bacteria,1
NR_041996.1	d__Bacteria,1
NR_074923.1	d__Bacteria,1
NR_041781.1	d__Bacteria,1
NR_029106.1	d__Bacteria,1
NR_040813.1	d__Bacteria,1
NR_116154.1	d__Bacteria,1
NR_118837.1	d__Bacteria,1
NR_118797.1	d__Bacteria,1
NR_118796.1	d__Bacteria,1
NR_118794.1	d__Bacteria,1
NR_025860.1	d__Bacteria,1
NR_118777.1	d__Bacteria,1
NR_029156.1	d__Bacteria,1
NR_042874.1	d__Bacteria,1
NR_118741.1	d__Bacteria,1
NR_118720.1	d__Bacteria,1
NR_118719.1	d__Bacteria,1
NR_117699.1	d__Bacteria,1
NR_118679.1	d__Bacteria,1
NR_116051.1	d__Bacteria,1
NR_118574.1	d__Bacteria,1
NR_041248.1	d__Bacteria,1
NR_041248.1	d__Bacteria,1
NR_118335.1	d__Bacteria,1
NR_112704.1	d__Bacteria,1
NR_112704.1	d__Bacteria,1
NR_117426.1	d__Bacteria,1
NR_043003.1	d__Bacteria,1
NR_118218.1	d__Bacteria,1
NR_118156.1	d__Bacteria,1
NR_042165.1	d__Bacteria,1
NR_118005.1	d__Bacteria,1
NR_117931.1	d__Bacteria,1
NR_117866.1	d__Bacteria,1
NR_117863.1	d__Bacteria,1
NR_026500.1	d__Bacteria,1
NR_043419.1	d__Bacteria,1
NR_028673.1	d__Bacteria,1
NR_117756.1	d__Bacteria,1
NR_117699.1	d__Bacteria,1
NR_116784.1	d__Bacteria,1
NR_117717.1	d__Bacteria,1
NR_025902.1	d__Bacteria,1
NR_117547.1	d__Bacteria,1
NR_117425.1	d__Bacteria,1
NR_117410.1	d__Bacteria,1
NR_117408.1	d__Bacteria,1
NR_041862.1	d__Bacteria,1
NR_043916.1	d__Bacteria,1
NR_028704.1	d__Bacteria,1
NR_043667.1	d__Bacteria,1
NR_028653.1	d__Bacteria,1
NR_024722.1	d__Bacteria,1
NR_024803.1	d__Bacteria,1
NR_041865.1	d__Bacteria,1
NR_118214.1	d__Bacteria,1
NR_025759.1	d__Bacteria,1
NR_024825.1	d__Bacteria,1
NR_036996.1	d__Bacteria,1
NR_117387.1	d__Bacteria,1
NR_117375.1	d__Bacteria,1
NR_118197.1	d__Bacteria,1
NR_118624.1	d__Bacteria,1
NR_028650.1	d__Bacteria,1
NR_118213.1	d__Bacteria,1
NR_024832.1	d__Bacteria,1
NR_118211.1	d__Bacteria,1
NR_114572.1	d__Bacteria,1
NR_115830.1	d__Bacteria,1
NR_043059.1	d__Bacteria,1
NR_118203.1	d__Bacteria,1
NR_043185.1	d__Bacteria,1
NR_042902.1	d__Bacteria,1
NR_043060.1	d__Bacteria,1
NR_043305.1	d__Bacteria,1
NR_037051.1	d__Bacteria,1
NR_028006.1	d__Bacteria,1
NR_043686.1	d__Bacteria,1
NR_028651.1	d__Bacteria,1
NR_026525.1	d__Bacteria,1
NR_118201.1	d__Bacteria,1
NR_042353.1	d__Bacteria,1
NR_115958.1	d__Bacteria,1
NR_025216.1	d__Bacteria,1
NR_028652.1	d__Bacteria,1
NR_040995.1	d__Bacteria,1
NR_025726.1	d__Bacteria,1
NR_042566.1	d__Bacteria,1
NR_028994.1	d__Bacteria,1
NR_036996.1	d__Bacteria,1
NR_115828.1	d__Bacteria,1
NR_042176.1	d__Bacteria,1
NR_041867.1	d__Bacteria,1
NR_028644.1	d__Bacteria,1
NR_028654.1	d__Bacteria,1
NR_025017.1	d__Bacteria,1
NR_041531.1	d__Bacteria,1
NR_117107.1	d__Bacteria,1
NR_029106.1	d__Bacteria,1
NR_025087.1	d__Bacteria,1
NR_043182.1	d__Bacteria,1
NR_026215.1	d__Bacteria,1
NR_116999.1	d__Bacteria,1
NR_116944.1	d__Bacteria,1
NR_113320.1	d__Bacteria,1
NR_116766.1	d__Bacteria,1
NR_116737.1	d__Bacteria,1
NR_114305.1	d__Bacteria,1
NR_114304.1	d__Bacteria,1
NR_116621.1	d__Bacteria,1
NR_116543.1	d__Bacteria,1
NR_115234.1	d__Bacteria,1
NR_113186.1	d__Bacteria,1
NR_026349.1	d__Bacteria,1
NR_116161.1	d__Bacteria,1
NR_041134.1	d__Bacteria,1
NR_113110.1	d__Bacteria,1
NR_116039.1	d__Bacteria,1
NR_116021.1	d__Bacteria,1
NR_116008.1	d__Bacteria,1
NR_115943.1	d__Bacteria,1
NR_043050.1	d__Bacteria,1
NR_115816.1	d__Bacteria,1
NR_115686.1	d__Bacteria,1
NR_029312.1	d__Bacteria,1
NR_042847.1	d__Bacteria,1
NR_041935.1	d__Bacteria,1
NR_042753.1	d__Bacteria,1
NR_041941.1	d__Bacteria,1
NR_113029.1	d__Bacteria,1
NR_041187.1	d__Bacteria,1
NR_041914.1	d__Bacteria,1
NR_112530.1	d__Bacteria,1
NR_025615.1	d__Bacteria,1
NR_024764.1	d__Bacteria,1
NR_041914.1	d__Bacteria,1
NR_029362.1	d__Bacteria,1
NR_117116.1	d__Bacteria,1
NR_028941.1	d__Bacteria,1
NR_115235.1	d__Bacteria,1
NR_115234.1	d__Bacteria,1
NR_115189.1	d__Bacteria,1
NR_041809.1	d__Bacteria,1
NR_043794.1	d__Bacteria,1
NR_043793.1	d__Bacteria,1
NR_115087.1	d__Bacteria,1
NR_043259.1	d__Bacteria,1
NR_029254.1	d__Bacteria,1
NR_115276.1	d__Bacteria,1
NR_114749.1	d__Bacteria,1
NR_114596.1	d__Bacteria,1
NR_041870.1	d__Bacteria,1
NR_042916.1	d__Bacteria,1
NR_114469.1	d__Bacteria,1
NR_114449.1	d__Bacteria,1
NR_074821.1	d__Bacteria,1
NR_113573.1	d__Bacteria,1
NR_113560.1	d__Bacteria,1
NR_029106.1	d__Bacteria,1
NR_112950.1	d__Bacteria,1
NR_112919.1	d__Bacteria,1
NR_113074.1	d__Bacteria,1
NR_113102.1	d__Bacteria,1
NR_112832.1	d__Bacteria,1
NR_112804.1	d__Bacteria,1
NR_041251.1	d__Bacteria,1
NR_043916.1	d__Bacteria,1
NR_104996.1	d__Bacteria,1
NR_104995.1	d__Bacteria,1
NR_044682.2	d__Bacteria,1
NR_037115.2	d__Bacteria,1
NR_109628.1	d__Bacteria,1
NR_104946.1	d__Bacteria,1
NR_041742.1	d__Bacteria,1
NR_104901.1	d__Bacteria,1
NR_113060.1	d__Bacteria,1
NR_118713.1	d__Bacteria,1
NR_118105.1	d__Bacteria,1
NR_037087.1	d__Bacteria,1
NR_029052.1	d__Bacteria,1
NR_102957.1	d__Bacteria,1
NR_102940.1	d__Bacteria,1
NR_113189.1	d__Bacteria,1
NR_102890.1	d__Bacteria,1
NR_102875.1	d__Bacteria,1
NR_102865.1	d__Bacteria,1
NR_043518.1	d__Bacteria,1
NR_041773.1	d__Bacteria,1
NR_043583.2	d__Bacteria,1
NR_075055.1	d__Bacteria,1
NR_075006.1	d__Bacteria,1
NR_036835.1	d__Bacteria,1
NR_074924.1	d__Bacteria,1
NR_074914.1	d__Bacteria,1
NR_074842.1	d__Bacteria,1
NR_074822.1	d__Bacteria,1
NR_115213.1	d__Bacteria,1
NR_074815.1	d__Bacteria,1
NR_074813.1	d__Bacteria,1
NR_074798.1	d__Bacteria,1
NR_074738.1	d__Bacteria,1
NR_043444.1	d__Bacteria,1
NR_029362.1	d__Bacteria,1
NR_029362.1	d__Bacteria,1
NR_044636.1	d__Bacteria,1
NR_074389.1	d__Bacteria,1
NR_074386.1	d__Bacteria,1
NR_074301.1	d__Bacteria,1
NR_112944.1	d__Bacteria,1
NR_074276.1	d__Bacteria,1
NR_041742.1	d__Bacteria,1
NR_074224.1	d__Bacteria,1
NR_044971.1	d__Bacteria,1
NR_119023.1	d__Bacteria,1
NR_119021.1	d__Bacteria,1
NR_044964.1	d__Bacteria,1
NR_044962.1	d__Bacteria,1
NR_117713.1	d__Bacteria,1
NR_119028.1	d__Bacteria,1
NR_044957.1	d__Bacteria,1
NR_044956.1	d__Bacteria,1
NR_119026.1	d__Bacteria,1
NR_119024.1	d__Bacteria,1
NR_044953.1	d__Bacteria,1
NR_044952.1	d__Bacteria,1
NR_044904.1	d__Bacteria,1
NR_117226.1	d__Bacteria,1
NR_119304.1	d__Bacteria,1
NR_042153.1	d__Bacteria,1
NR_118142.1	d__Bacteria,1
NR_044454.1	d__Bacteria,1
NR_044064.1	d__Bacteria,1
NR_044061.1	d__Bacteria,1
NR_044035.1	d__Bacteria,1
NR_043962.1	d__Bacteria,1
NR_043704.1	d__Bacteria,1
NR_043686.1	d__Bacteria,1
NR_113649.1	d__Bacteria,1
NR_043305.1	d__Bacteria,1
NR_113114.1	d__Bacteria,1
NR_114925.1	d__Bacteria,1
NR_043259.1	d__Bacteria,1
NR_043185.1	d__Bacteria,1
NR_043060.1	d__Bacteria,1
NR_043059.1	d__Bacteria,1
NR_043043.1	d__Bacteria,1
NR_043004.1	d__Bacteria,1
NR_112704.1	d__Bacteria,1
NR_042633.1	d__Bacteria,1
NR_042632.1	d__Bacteria,1
NR_113343.1	d__Bacteria,1
NR_112170.1	d__Bacteria,1
NR_041989.1	d__Bacteria,1
NR_041714.1	d__Bacteria,1
NR_041663.1	d__Bacteria,1
NR_041544.1	d__Bacteria,1
NR_041531.1	d__Bacteria,1
NR_118211.1	d__Bacteria,1
NR_118201.1	d__Bacteria,1
NR_041056.1	d__Bacteria,1
NR_118197.1	d__Bacteria,1
NR_115958.1	d__Bacteria,1
NR_118213.1	d__Bacteria,1
NR_118214.1	d__Bacteria,1
NR_043438.1	d__Bacteria,1
NR_036774.1	d__Bacteria,1
NR_029156.1	d__Bacteria,1
NR_074286.1	d__Bacteria,1
NR_044584.1	d__Bacteria,1
NR_113105.1	d__Bacteria,1
NR_044190.1	d__Bacteria,1
NR_044189.1	d__Bacteria,1
NR_044181.1	d__Bacteria,1
NR_114015.1	d__Bacteria,1
NR_044042.1	d__Bacteria,1
NR_043784.1	d__Bacteria,1
NR_043710.1	d__Bacteria,1
NR_043696.1	d__Bacteria,1
NR_043667.1	d__Bacteria,1
NR_043589.1	d__Bacteria,1
NR_113094.1	d__Bacteria,1
NR_043173.1	d__Bacteria,1
NR_029302.1	d__Bacteria,1
NR_043086.1	d__Bacteria,1
NR_042978.1	d__Bacteria,1
NR_113095.1	d__Bacteria,1
NR_025357.1	d__Bacteria,1
NR_027520.1	d__Bacteria,1
NR_113112.1	d__Bacteria,1
NR_113111.1	d__Bacteria,1
NR_113356.1	d__Bacteria,1
NR_041882.1	d__Bacteria,1
NR_041840.1	d__Bacteria,1
NR_112837.1	d__Bacteria,1
NR_114157.1	d__Bacteria,1
NR_042051.1	d__Bacteria,1
NR_117209.1	d__Bacteria,1
NR_115562.1	d__Bacteria,1
NR_119174.1	d__Bacteria,1
NR_118465.1	d__Bacteria,1
NR_119133.1	d__Bacteria,1
NR_119158.2	d__Bacteria,1
NR_113345.1	d__Bacteria,1
NR_036902.1	d__Bacteria,1
NR_036851.1	d__Bacteria,1
NR_036835.1	d__Bacteria,1
NR_029157.1	d__Bacteria,1
NR_117069.1	d__Bacteria,1
NR_114220.1	d__Bacteria,1
NR_113899.1	d__Bacteria,1
NR_116213.1	d__Bacteria,1
NR_027195.1	d__Bacteria,1
NR_024862.1	d__Bacteria,1
NR_026434.1	d__Bacteria,1
NR_026357.1	d__Bacteria,1
NR_113106.1	d__Bacteria,1
NR_025972.1	d__Bacteria,1
NR_121714.1	d__Bacteria,1
NR_025935.1	d__Bacteria,1
NR_025921.1	d__Bacteria,1
NR_025919.1	d__Bacteria,1
NR_025903.1	d__Bacteria,1
NR_117224.1	d__Bacteria,1
NR_036900.1	d__Bacteria,1
NR_152004.1	d__Bacteria,1
NR_151867.1	d__Bacteria,1
NR_044656.2	d__Bacteria,1
NR_112185.1	d__Bacteria,1
NR_104708.1	d__Bacteria,1
NR_112362.1	d__Bacteria,1
NR_026079.2	d__Bacteria,1
NR_113709.1	d__Bacteria,1
NR_113248.1	d__Bacteria,1
NR_025234.1	d__Bacteria,1
NR_074354.2	d__Bacteria,1
NR_074476.2	d__Bacteria,1
NR_113246.1	d__Bacteria,1
NR_027540.1	d__Bacteria,1
NR_037087.1	d__Bacteria,1
NR_074714.2	d__Bacteria,1
NR_027532.1	d__Bacteria,1
NR_112141.1	d__Bacteria,1
NR_074802.2	d__Bacteria,1
NR_025035.1	d__Bacteria,1
NR_025034.1	d__Bacteria,1
NR_117573.1	d__Bacteria,1
NR_024643.1	d__Bacteria,1
NR_029074.1	d__Bacteria,1
NR_036828.1	d__Bacteria,1
NR_026173.1	d__Bacteria,1
NR_121689.2	d__Bacteria,1
NR_113204.1	d__Bacteria,1
NR_121699.2	d__Bacteria,1
NR_121700.2	d__Bacteria,1
NR_042164.1	d__Bacteria,1
NR_121719.2	d__Bacteria,1
NR_104898.1	d__Bacteria,1
NR_119158.2	d__Bacteria,1
NR_040847.1	d__Bacteria,1
NR_145859.1	d__Bacteria,1
NR_136829.1	d__Bacteria,1
NR_136496.1	d__Bacteria,1
NR_136495.1	d__Bacteria,1
NG_042880.1	d__Bacteria,1
NR_029106.1	d__Bacteria,1
NR_042154.1	d__Bacteria,1
NR_113924.1	d__Bacteria,1
NR_028705.1	d__Bacteria,1
NR_024905.1	d__Bacteria,1
NR_113899.1	d__Bacteria,1
NR_037082.1	d__Bacteria,1
NR_024906.1	d__Bacteria,1
NR_113928.1	d__Bacteria,1
NR_113909.1	d__Bacteria,1
NR_104560.1	d__Bacteria,1
NR_024904.1	d__Bacteria,1
NR_041708.1	d__Bacteria,1
NR_125649.1	d__Bacteria,1
NR_125519.1	d__Bacteria,1
NR_036951.1	d__Bacteria,1
NR_119049.1	d__Bacteria,1
NR_042062.1	d__Bacteria,1
NR_121782.1	d__Bacteria,1
NR_121758.1	d__Bacteria,1
NR_121742.1	d__Bacteria,1
NR_121739.1	d__Bacteria,1
NR_119019.1	d__Bacteria,1
NR_104974.1	d__Bacteria,1
NR_029173.1	d__Bacteria,1
NR_121714.1	d__Bacteria,1
NR_121688.1	d__Bacteria,1
NR_121687.1	d__Bacteria,1
NR_037113.1	d__Bacteria,1
NR_026208.1	d__Bacteria,1
NR_026207.1	d__Bacteria,1
NR_113237.1	d__Bacteria,1
NR_113343.1	d__Bacteria,1
NR_112362.1	d__Bacteria,1
NR_112305.1	d__Bacteria,1
NR_112076.1	d__Bacteria,1
NR_041865.1	d__Bacteria,1
NR_119304.1	d__Bacteria,1
NR_044853.1	d__Bacteria,1
NR_074203.1	d__Bacteria,1
NR_024904.1	d__Bacteria,1
NR_113928.1	d__Bacteria,1
NR_024749.1	d__Bacteria,1
NR_104560.1	d__Bacteria,1
NR_112011.1	d__Bacteria,1
NR_037084.1	d__Bacteria,1
NR_113341.1	d__Bacteria,1
NR_037084.1	d__Bacteria,1
NR_041800.1	d__Bacteria,1
NR_036900.1	d__Bacteria,1
NR_042922.1	d__Bacteria,1
NR_024665.1	d__Bacteria,1
NR_119241.1	d__Bacteria,1
NR_118920.1	d__Bacteria,1
NR_044777.1	d__Bacteria,1
NR_043062.1	d__Bacteria,1
NR_043063.1	d__Bacteria,1
NR_040811.1	d__Bacteria,1
NR_112011.1	d__Bacteria,1
NR_119193.1	d__Bacteria,1
NR_043638.1	d__Bacteria,1
NR_119188.1	d__Bacteria,1
NR_041864.1	d__Bacteria,1
NR_119182.1	d__Bacteria,1
NR_026213.1	d__Bacteria,1
NR_026216.1	d__Bacteria,1
NR_027597.1	d__Bacteria,1
NR_119119.1	d__Bacteria,1
NR_115562.1	d__Bacteria,1
NR_119174.1	d__Bacteria,1
NR_026215.1	d__Bacteria,1
NR_115355.1	d__Bacteria,1
NR_043332.1	d__Bacteria,1
NR_104898.1	d__Bacteria,1
NR_041343.1	d__Bacteria,1
NR_112940.1	d__Bacteria,1
NR_112141.1	d__Bacteria,1
NR_029274.1	d__Bacteria,1
NR_029279.1	d__Bacteria,1
NR_119156.1	d__Bacteria,1
NR_115575.1	d__Bacteria,1
NR_042918.1	d__Bacteria,1
NR_042917.1	d__Bacteria,1
NR_044863.1	d__Bacteria,1
NR_115557.1	d__Bacteria,1
NR_037035.1	d__Bacteria,1
NR_037040.1	d__Bacteria,1
NR_117209.1	d__Bacteria,1
NR_119133.1	d__Bacteria,1
NR_037036.1	d__Bacteria,1
NR_037024.1	d__Bacteria,1
NR_037030.1	d__Bacteria,1
NR_037022.1	d__Bacteria,1
NR_119119.1	d__Bacteria,1
NR_037038.1	d__Bacteria,1
NR_043330.1	d__Bacteria,1
NR_037041.1	d__Bacteria,1
NR_044975.1	d__Bacteria,1
NR_113343.1	d__Bacteria,1
NR_114080.1	d__Bacteria,1
NR_041696.1	d__Bacteria,1
NR_115828.1	d__Bacteria,1
NR_041856.1	d__Bacteria,1
NR_041861.1	d__Bacteria,1
NR_041983.1	d__Bacteria,1
NR_041104.1	d__Bacteria,1
NR_117734.1	d__Bacteria,1
NR_043412.1	d__Bacteria,1
NR_026271.1	d__Bacteria,1
NR_113323.1	d__Bacteria,1
NR_074529.1	d__Bacteria,1
NR_115972.1	d__Bacteria,1
NR_115976.1	d__Bacteria,1
NR_036888.1	d__Bacteria,1
NR_109668.1	d__Bacteria,1
NR_113604.1	d__Bacteria,1
NR_025574.1	d__Bacteria,1
NR_043165.1	d__Bacteria,1
NR_036790.1	d__Bacteria,1
NR_037019.1	d__Bacteria,1
NR_029222.1	d__Bacteria,1
NR_119049.1	d__Bacteria,1
NR_044827.1	d__Bacteria,1
NR_044845.1	d__Bacteria,1
NR_112837.1	d__Bacteria,1
NR_037014.2	d__Bacteria,1
NR_025001.1	d__Bacteria,1
NR_036911.2	d__Bacteria,1
NR_043638.1	d__Bacteria,1
NR_113086.1	d__Bacteria,1
NR_026135.1	d__Bacteria,1
NR_119028.1	d__Bacteria,1
NR_036894.1	d__Bacteria,1
NR_119026.1	d__Bacteria,1
NR_036989.1	d__Bacteria,1
NR_119024.1	d__Bacteria,1
NR_119023.1	d__Bacteria,1
NR_119021.1	d__Bacteria,1
NR_036991.1	d__Bacteria,1
NR_119019.1	d__Bacteria,1
NR_036992.1	d__Bacteria,1
NR_036988.1	d__Bacteria,1
NR_043438.1	d__Bacteria,1
NR_042778.1	d__Bacteria,1
NR_074923.1	d__Bacteria,1
NR_042153.1	d__Bacteria,1
NR_037005.1	d__Bacteria,1
NR_112166.1	d__Bacteria,1
NR_041524.1	d__Bacteria,1
NR_025001.1	d__Bacteria,1
NR_041790.1	d__Bacteria,1
NR_042777.1	d__Bacteria,1
NR_114172.1	d__Bacteria,1
NR_028736.1	d__Bacteria,1
NR_117426.1	d__Bacteria,1
NR_042773.1	d__Bacteria,1
NR_118934.1	d__Bacteria,1
NR_113641.1	d__Bacteria,1
NR_042775.1	d__Bacteria,1
NR_041708.1	d__Bacteria,1
NR_029318.1	d__Bacteria,1
NR_036809.1	d__Bacteria,1
NR_026349.1	d__Bacteria,1
NR_118920.1	d__Bacteria,1
NR_043518.1	d__Bacteria,1
NR_113909.1	d__Bacteria,1
NR_118917.1	d__Bacteria,1
NR_118916.1	d__Bacteria,1
NR_118914.1	d__Bacteria,1
NR_037087.1	d__Bacteria,1
NR_037033.1	d__Bacteria,1
NR_041803.1	d__Bacteria,1
NR_037022.1	d__Bacteria,1
NR_042912.1	d__Bacteria,1
NR_042163.1	d__Bacteria,1
NR_114891.1	d__Bacteria,1
NR_118879.1	d__Bacteria,1
NR_041773.1	d__Bacteria,1
NR_028673.1	d__Bacteria,1
NR_037035.1	d__Bacteria,1
NR_026343.1	d__Bacteria,1
NR_114038.1	d__Bacteria,1
NR_029312.1	d__Bacteria,1
NR_118796.1	d__Bacteria,1
NR_113873.1	d__Bacteria,1
NR_036995.1	d__Bacteria,1
NR_028669.1	d__Bacteria,1
NR_104968.1	d__Bacteria,1
NR_118773.1	d__Bacteria,1
NR_115907.1	d__Bacteria,1
NR_118763.1	d__Bacteria,1
NR_042878.1	d__Bacteria,1
NR_041837.1	d__Bacteria,1
NR_118753.1	d__Bacteria,1
NR_104930.1	d__Bacteria,1
NR_042875.1	d__Bacteria,1
NR_042876.1	d__Bacteria,1
NR_037052.1	d__Bacteria,1
NR_118727.1	d__Bacteria,1
NR_041791.1	d__Bacteria,1
NR_042906.1	d__Bacteria,1
NR_118713.1	d__Bacteria,1
NR_074603.1	d__Bacteria,1
NR_118697.1	d__Bacteria,1
NR_104685.1	d__Bacteria,1
NR_118695.1	d__Bacteria,1
NR_118237.1	d__Bacteria,1
NR_036897.1	d__Bacteria,1
NR_118656.1	d__Bacteria,1
NR_117766.1	d__Bacteria,1
NR_042683.1	d__Bacteria,1
NR_042847.1	d__Bacteria,1
NR_113367.1	d__Bacteria,1
NR_025404.1	d__Bacteria,1
NR_029173.1	d__Bacteria,1
NR_029231.1	d__Bacteria,1
NR_118624.1	d__Bacteria,1
NR_037023.1	d__Bacteria,1
NR_025033.1	d__Bacteria,1
NR_025208.1	d__Bacteria,1
NR_025017.1	d__Bacteria,1
NR_115233.1	d__Bacteria,1
NR_118608.1	d__Bacteria,1
NR_029302.1	d__Bacteria,1
NR_118105.1	d__Bacteria,1
NR_118584.1	d__Bacteria,1
NR_116784.1	d__Bacteria,1
NR_029106.1	d__Bacteria,1
NR_040817.1	d__Bacteria,1
NR_024643.1	d__Bacteria,1
NR_114224.1	d__Bacteria,1
NR_115722.1	d__Bacteria,1
NR_043602.1	d__Bacteria,1
NR_043600.1	d__Bacteria,1
NR_043601.1	d__Bacteria,1
NR_118524.1	d__Bacteria,1
NR_042683.1	d__Bacteria,1
NR_042683.1	d__Bacteria,1
NR_041834.1	d__Bacteria,1
NR_114914.1	d__Bacteria,1
NR_118516.1	d__Bacteria,1
NR_043598.1	d__Bacteria,1
NR_043598.1	d__Bacteria,1
NR_118513.1	d__Bacteria,1
NR_118512.1	d__Bacteria,1
NR_041835.1	d__Bacteria,1
NR_118487.1	d__Bacteria,1
NR_040914.1	d__Bacteria,1
NR_025615.1	d__Bacteria,1
NR_118465.1	d__Bacteria,1
NR_112006.1	d__Bacteria,1
NR_036790.1	d__Bacteria,1
NR_118421.1	d__Bacteria,1
NR_044925.1	d__Bacteria,1
NR_025685.1	d__Bacteria,1
NR_042021.1	d__Bacteria,1
NR_044694.2	d__Bacteria,1
NR_074449.1	d__Bacteria,1
NR_118342.1	d__Bacteria,1
NR_114896.1	d__Bacteria,1
NR_117426.1	d__Bacteria,1
NR_043661.1	d__Bacteria,1
NR_043661.1	d__Bacteria,1
NR_114286.1	d__Bacteria,1
NR_118237.1	d__Bacteria,1
NR_115734.1	d__Bacteria,1
NR_029318.1	d__Bacteria,1
NR_118214.1	d__Bacteria,1
NR_118213.1	d__Bacteria,1
NR_041251.1	d__Bacteria,1
NR_118211.1	d__Bacteria,1
NR_024832.1	d__Bacteria,1
NR_024825.1	d__Bacteria,1
NR_028650.1	d__Bacteria,1
NR_028994.1	d__Bacteria,1
NR_028653.1	d__Bacteria,1
NR_118203.1	d__Bacteria,1
NR_028651.1	d__Bacteria,1
NR_118201.1	d__Bacteria,1
NR_041859.1	d__Bacteria,1
NR_028652.1	d__Bacteria,1
NR_040995.1	d__Bacteria,1
NR_118197.1	d__Bacteria,1
NR_043600.1	d__Bacteria,1
NR_118143.1	d__Bacteria,1
NR_118142.1	d__Bacteria,1
NR_042165.1	d__Bacteria,1
NR_025760.1	d__Bacteria,1
NR_044145.1	d__Bacteria,1
NR_104823.1	d__Bacteria,1
NR_118105.1	d__Bacteria,1
NR_116154.1	d__Bacteria,1
NR_029210.1	d__Bacteria,1
NR_114118.1	d__Bacteria,1
NR_118058.1	d__Bacteria,1
NR_104975.1	d__Bacteria,1
NR_117981.1	d__Bacteria,1
NR_116774.1	d__Bacteria,1
NR_117923.1	d__Bacteria,1
NR_117909.1	d__Bacteria,1
NR_026126.1	d__Bacteria,1
NR_024903.1	d__Bacteria,1
NR_040914.1	d__Bacteria,1
NR_026083.1	d__Bacteria,1
NR_026083.1	d__Bacteria,1
NR_026083.1	d__Bacteria,1
NR_026085.1	d__Bacteria,1
NR_043182.1	d__Bacteria,1
NR_104711.1	d__Bacteria,1
NR_104938.1	d__Bacteria,1
NR_028938.1	d__Bacteria,1
NR_117778.1	d__Bacteria,1
NR_028673.1	d__Bacteria,1
NR_116784.1	d__Bacteria,1
NR_029106.1	d__Bacteria,1
NR_117766.1	d__Bacteria,1
NR_113873.1	d__Bacteria,1
NR_044827.1	d__Bacteria,1
NR_042683.1	d__Bacteria,1
NR_041835.1	d__Bacteria,1
NR_041834.1	d__Bacteria,1
NR_113340.1	d__Bacteria,1
NR_028687.1	d__Bacteria,1
NR_117734.1	d__Bacteria,1
NR_115734.1	d__Bacteria,1
NR_117717.1	d__Bacteria,1
NR_044742.1	d__Bacteria,1
NR_117713.1	d__Bacteria,1
NR_029267.1	d__Bacteria,1
NR_117698.1	d__Bacteria,1
NR_117189.1	d__Bacteria,1
NR_037084.1	d__Bacteria,1
NR_113237.1	d__Bacteria,1
NR_117661.1	d__Bacteria,1
NR_117625.1	d__Bacteria,1
NR_026208.1	d__Bacteria,1
NR_116774.1	d__Bacteria,1
NR_026215.1	d__Bacteria,1
NR_037041.1	d__Bacteria,1
NR_117578.1	d__Bacteria,1
NR_025273.1	d__Bacteria,1
NR_117573.1	d__Bacteria,1
NR_042753.1	d__Bacteria,1
NR_117556.1	d__Bacteria,1
NR_044858.1	d__Bacteria,1
NR_043437.1	d__Bacteria,1
NR_036918.1	d__Bacteria,1
NR_113262.1	d__Bacteria,1
NR_114172.1	d__Bacteria,1
NR_042845.1	d__Bacteria,1
NR_117113.1	d__Bacteria,1
NR_117426.1	d__Bacteria,1
NR_104933.1	d__Bacteria,1
NR_113060.1	d__Bacteria,1
NR_117357.1	d__Bacteria,1
NR_025059.1	d__Bacteria,1
NR_041874.1	d__Bacteria,1
NR_041858.1	d__Bacteria,1
NR_041863.1	d__Bacteria,1
NR_041856.1	d__Bacteria,1
NR_115139.1	d__Bacteria,1
NR_026083.1	d__Bacteria,1
NR_025881.1	d__Bacteria,1
NR_026081.1	d__Bacteria,1
NR_117226.1	d__Bacteria,1
NR_117225.1	d__Bacteria,1
NR_117224.1	d__Bacteria,1
NR_042423.1	d__Bacteria,1
NR_025584.1	d__Bacteria,1
NR_029292.1	d__Bacteria,1
NR_115562.1	d__Bacteria,1
NR_117209.1	d__Bacteria,1
NR_117189.1	d__Bacteria,1
NR_028906.1	d__Bacteria,1
NR_117116.1	d__Bacteria,1
NR_117113.1	d__Bacteria,1
NR_029106.1	d__Bacteria,1
NR_044699.2	d__Bacteria,1
NR_117069.1	d__Bacteria,1
NR_042440.1	d__Bacteria,1
NR_042440.1	d__Bacteria,1
NR_042802.1	d__Bacteria,1
NR_117064.1	d__Bacteria,1
NR_113261.1	d__Bacteria,1
NR_113719.1	d__Bacteria,1
NR_027519.1	d__Bacteria,1
NR_116967.1	d__Bacteria,1
NR_113230.1	d__Bacteria,1
NR_115110.1	d__Bacteria,1
NR_116923.1	d__Bacteria,1
NR_116898.1	d__Bacteria,1
NR_116874.1	d__Bacteria,1
NR_113094.1	d__Bacteria,1
NR_113237.1	d__Bacteria,1
NR_074588.1	d__Bacteria,1
NR_113106.1	d__Bacteria,1
NR_025339.1	d__Bacteria,1
NR_116801.1	d__Bacteria,1
NR_104903.1	d__Bacteria,1
NR_104903.1	d__Bacteria,1
NR_116784.1	d__Bacteria,1
NR_042238.1	d__Bacteria,1
NR_116774.1	d__Bacteria,1
NR_112076.1	d__Bacteria,1
NR_112076.1	d__Bacteria,1
NR_025234.1	d__Bacteria,1
NR_112305.1	d__Bacteria,1
NR_025334.1	d__Bacteria,1
NR_114286.1	d__Bacteria,1
NR_114955.1	d__Bacteria,1
NR_116558.1	d__Bacteria,1
NR_116556.1	d__Bacteria,1
NR_029217.1	d__Bacteria,1
NR_116525.1	d__Bacteria,1
NR_042001.1	d__Bacteria,1
NR_112362.1	d__Bacteria,1
NR_116448.1	d__Bacteria,1
NR_029345.1	d__Bacteria,1
NR_027518.1	d__Bacteria,1
NR_027518.1	d__Bacteria,1
NR_116346.1	d__Bacteria,1
NR_116334.1	d__Bacteria,1
NR_116333.1	d__Bacteria,1
NR_044110.1	d__Bacteria,1
NR_044844.1	d__Bacteria,1
NR_116213.1	d__Bacteria,1
NR_024659.1	d__Bacteria,1
NR_116211.1	d__Bacteria,1
NR_115734.1	d__Bacteria,1
NR_113641.1	d__Bacteria,1
NR_028664.1	d__Bacteria,1
NR_042928.1	d__Bacteria,1
NR_028666.1	d__Bacteria,1
NR_029052.1	d__Bacteria,1
NR_024689.1	d__Bacteria,1
NR_112940.1	d__Bacteria,1
NR_116175.1	d__Bacteria,1
NR_042878.1	d__Bacteria,1
NR_042876.1	d__Bacteria,1
NR_029210.1	d__Bacteria,1
NR_116154.1	d__Bacteria,1
NR_116051.1	d__Bacteria,1
NR_116147.1	d__Bacteria,1
NR_114460.1	d__Bacteria,1
NR_043444.1	d__Bacteria,1
NR_114118.1	d__Bacteria,1
NR_024711.1	d__Bacteria,1
NR_113709.1	d__Bacteria,1
NR_037104.1	d__Bacteria,1
NR_041696.1	d__Bacteria,1
NR_074888.1	d__Bacteria,1
NR_116115.1	d__Bacteria,1
NR_116051.1	d__Bacteria,1
NR_025584.1	d__Bacteria,1
NR_116032.1	d__Bacteria,1
NR_044846.1	d__Bacteria,1
NR_074923.1	d__Bacteria,1
NR_116015.1	d__Bacteria,1
NR_025609.1	d__Bacteria,1
NR_025609.1	d__Bacteria,1
NR_025609.1	d__Bacteria,1
NR_024697.1	d__Bacteria,1
NR_044690.2	d__Bacteria,1
NR_115976.1	d__Bacteria,1
NR_104903.1	d__Bacteria,1
NR_104903.1	d__Bacteria,1
NR_025159.1	d__Bacteria,1
NR_115972.1	d__Bacteria,1
NR_027545.1	d__Bacteria,1
NR_027544.1	d__Bacteria,1
NR_115958.1	d__Bacteria,1
NR_112006.1	d__Bacteria,1
NR_115907.1	d__Bacteria,1
NR_042413.1	d__Bacteria,1
NR_042053.1	d__Bacteria,1
NR_115878.1	d__Bacteria,1
NR_115858.1	d__Bacteria,1
NR_104833.1	d__Bacteria,1
NR_024803.1	d__Bacteria,1
NR_024722.1	d__Bacteria,1
NR_114572.1	d__Bacteria,1
NR_041867.1	d__Bacteria,1
NR_041861.1	d__Bacteria,1
NR_042902.1	d__Bacteria,1
NR_037051.1	d__Bacteria,1
NR_028006.1	d__Bacteria,1
NR_036996.1	d__Bacteria,1
NR_115830.1	d__Bacteria,1
NR_041862.1	d__Bacteria,1
NR_115828.1	d__Bacteria,1
NR_025017.1	d__Bacteria,1
NR_028644.1	d__Bacteria,1
NR_028654.1	d__Bacteria,1
NR_115802.1	d__Bacteria,1
NR_115784.1	d__Bacteria,1
NR_041219.1	d__Bacteria,1
NR_112305.1	d__Bacteria,1
NR_113909.1	d__Bacteria,1
NR_113928.1	d__Bacteria,1
NR_040789.1	d__Bacteria,1
NR_042054.1	d__Bacteria,1
NR_028705.1	d__Bacteria,1
NR_028938.1	d__Bacteria,1
NR_115738.1	d__Bacteria,1
NR_113260.1	d__Bacteria,1
NR_115734.1	d__Bacteria,1
NR_115731.1	d__Bacteria,1
NR_025036.1	d__Bacteria,1
NR_024633.1	d__Bacteria,1
NR_042073.1	d__Bacteria,1
NR_104980.1	d__Bacteria,1
NR_115722.1	d__Bacteria,1
NR_042051.1	d__Bacteria,1
NR_115716.1	d__Bacteria,1
NR_112630.1	d__Bacteria,1
NR_037052.1	d__Bacteria,1
NR_025377.1	d__Bacteria,1
NR_037052.1	d__Bacteria,1
NR_043600.1	d__Bacteria,1
NR_042683.1	d__Bacteria,1
NR_029234.1	d__Bacteria,1
NR_042087.1	d__Bacteria,1
NR_029314.1	d__Bacteria,1
NR_026343.1	d__Bacteria,1
NR_104280.1	d__Bacteria,1
NR_037005.1	d__Bacteria,1
NR_041524.1	d__Bacteria,1
NR_042091.1	d__Bacteria,1
NR_115575.1	d__Bacteria,1
NR_115572.1	d__Bacteria,1
NR_026343.1	d__Bacteria,1
NR_115562.1	d__Bacteria,1
NR_028666.1	d__Bacteria,1
NR_028664.1	d__Bacteria,1
NR_115557.1	d__Bacteria,1
NR_042073.1	d__Bacteria,1
NR_112630.1	d__Bacteria,1
NR_041940.1	d__Bacteria,1
NR_041938.1	d__Bacteria,1
NR_041939.1	d__Bacteria,1
NR_044077.1	d__Bacteria,1
NR_044698.1	d__Bacteria,1
NR_115355.1	d__Bacteria,1
NR_114925.1	d__Bacteria,1
NR_029362.1	d__Bacteria,1
NR_113124.1	d__Bacteria,1
NR_115311.1	d__Bacteria,1
NR_112940.1	d__Bacteria,1
NR_115297.1	d__Bacteria,1
NR_115296.1	d__Bacteria,1
NR_115294.1	d__Bacteria,1
NR_115293.1	d__Bacteria,1
NR_043602.1	d__Bacteria,1
NR_115276.1	d__Bacteria,1
NR_043661.1	d__Bacteria,1
NR_112975.1	d__Bacteria,1
NR_042506.1	d__Bacteria,1
NR_113592.1	d__Bacteria,1
NR_115233.1	d__Bacteria,1
NR_042265.1	d__Bacteria,1
NR_115213.1	d__Bacteria,1
NR_115209.1	d__Bacteria,1
NR_115207.1	d__Bacteria,1
NR_113592.1	d__Bacteria,1
NR_036812.1	d__Bacteria,1
NR_028750.1	d__Bacteria,1
NR_028749.1	d__Bacteria,1
NR_042753.1	d__Bacteria,1
NR_042791.1	d__Bacteria,1
NR_115139.1	d__Bacteria,1
NR_041809.1	d__Bacteria,1
NR_041809.1	d__Bacteria,1
NR_029106.1	d__Bacteria,1
NR_036882.1	d__Bacteria,1
NR_112166.1	d__Bacteria,1
NR_115110.1	d__Bacteria,1
NR_114955.1	d__Bacteria,1
NR_025096.1	d__Bacteria,1
NR_115081.1	d__Bacteria,1
NR_042365.1	d__Bacteria,1
NR_026083.1	d__Bacteria,1
NR_025881.1	d__Bacteria,1
NR_114986.1	d__Bacteria,1
NR_024848.1	d__Bacteria,1
NR_114955.1	d__Bacteria,1
NR_074222.1	d__Bacteria,1
NR_114925.1	d__Bacteria,1
NR_113343.1	d__Bacteria,1
NR_113343.1	d__Bacteria,1
NR_114914.1	d__Bacteria,1
NR_042440.1	d__Bacteria,1
NR_114896.1	d__Bacteria,1
NR_029143.1	d__Bacteria,1
NR_042917.1	d__Bacteria,1
NR_114891.1	d__Bacteria,1
NR_113366.1	d__Bacteria,1
NR_109668.1	d__Bacteria,1
NR_043638.1	d__Bacteria,1
NR_028719.1	d__Bacteria,1
NR_114862.1	d__Bacteria,1
NR_074732.1	d__Bacteria,1
NR_042915.1	d__Bacteria,1
NR_028719.1	d__Bacteria,1
NR_041141.1	d__Bacteria,1
NR_041141.1	d__Bacteria,1
NR_041145.1	d__Bacteria,1
NR_042102.1	d__Bacteria,1
NR_040789.1	d__Bacteria,1
NR_025938.1	d__Bacteria,1
NR_114533.1	d__Bacteria,1
NR_041979.1	d__Bacteria,1
NR_037082.1	d__Bacteria,1
NR_042054.1	d__Bacteria,1
NR_041753.1	d__Bacteria,1
NR_024643.1	d__Bacteria,1
NR_044799.1	d__Bacteria,1
NR_042773.1	d__Bacteria,1
NR_024644.1	d__Bacteria,1
NR_114692.1	d__Bacteria,1
NR_025234.1	d__Bacteria,1
NR_036934.1	d__Bacteria,1
NR_037113.1	d__Bacteria,1
NR_029062.1	d__Bacteria,1
NR_029061.1	d__Bacteria,1
NR_114656.1	d__Bacteria,1
NR_036996.1	d__Bacteria,1
NR_042052.1	d__Bacteria,1
NR_044850.1	d__Bacteria,1
NR_113086.1	d__Bacteria,1
NR_029234.1	d__Bacteria,1
NR_041837.1	d__Bacteria,1
NR_025941.1	d__Bacteria,1
NR_114107.1	d__Bacteria,1
NR_025952.1	d__Bacteria,1
NR_112630.1	d__Bacteria,1
NR_043403.1	d__Bacteria,1
NR_037111.1	d__Bacteria,1
NR_114157.1	d__Bacteria,1
NR_025339.1	d__Bacteria,1
NR_114572.1	d__Bacteria,1
NR_041998.1	d__Bacteria,1
NR_041753.1	d__Bacteria,1
NR_036936.1	d__Bacteria,1
NR_114533.1	d__Bacteria,1
NR_112185.1	d__Bacteria,1
NR_042813.1	d__Bacteria,1
NR_037084.1	d__Bacteria,1
NR_044799.1	d__Bacteria,1
NR_113649.1	d__Bacteria,1
NR_112076.1	d__Bacteria,1
NR_043419.1	d__Bacteria,1
NR_024711.1	d__Bacteria,1
NR_114460.1	d__Bacteria,1
NR_042055.1	d__Bacteria,1
NR_037082.1	d__Bacteria,1
NR_037060.1	d__Bacteria,1
NR_114435.1	d__Bacteria,1
NR_042873.1	d__Bacteria,1
NR_043997.1	d__Bacteria,1
NR_036825.1	d__Bacteria,1
NR_074846.1	d__Bacteria,1
NR_026227.1	d__Bacteria,1
NR_042365.1	d__Bacteria,1
NR_041983.1	d__Bacteria,1
NR_074440.1	d__Bacteria,1
NR_113340.1	d__Bacteria,1
NR_036934.1	d__Bacteria,1
NR_025275.1	d__Bacteria,1
NR_114305.1	d__Bacteria,1
NR_114304.1	d__Bacteria,1
NR_114286.1	d__Bacteria,1
NR_028673.1	d__Bacteria,1
NR_025012.1	d__Bacteria,1
NR_024644.1	d__Bacteria,1
NR_024662.1	d__Bacteria,1
NR_114224.1	d__Bacteria,1
NR_114220.1	d__Bacteria,1
NR_036790.1	d__Bacteria,1
NR_024902.1	d__Bacteria,1
NR_037134.1	d__Bacteria,1
NR_026533.1	d__Bacteria,1
NR_026218.1	d__Bacteria,1
NR_114172.1	d__Bacteria,1
NR_029106.1	d__Bacteria,1
NR_104934.1	d__Bacteria,1
NR_037111.1	d__Bacteria,1
NR_114157.1	d__Bacteria,1
NR_025339.1	d__Bacteria,1
NR_041979.1	d__Bacteria,1
NR_104933.1	d__Bacteria,1
NR_028802.1	d__Bacteria,1
NR_113341.1	d__Bacteria,1
NR_043444.1	d__Bacteria,1
NR_043152.1	d__Bacteria,1
NR_114118.1	d__Bacteria,1
NR_028803.1	d__Bacteria,1
NR_114107.1	d__Bacteria,1
NR_040932.1	d__Bacteria,1
NR_041324.1	d__Bacteria,1
NR_114080.1	d__Bacteria,1
NR_074902.1	d__Bacteria,1
NR_112006.1	d__Bacteria,1
NR_026210.1	d__Bacteria,1
NR_024734.1	d__Bacteria,1
NR_042845.1	d__Bacteria,1
NR_037127.1	d__Bacteria,1
NR_025881.1	d__Bacteria,1
NR_036825.1	d__Bacteria,1
NR_114038.1	d__Bacteria,1
NR_114015.1	d__Bacteria,1
NR_024697.1	d__Bacteria,1
NR_024697.1	d__Bacteria,1
NR_036904.1	d__Bacteria,1
NR_036828.1	d__Bacteria,1
NR_041794.1	d__Bacteria,1
NR_029040.1	d__Bacteria,1
NR_028795.1	d__Bacteria,1
NR_043794.1	d__Bacteria,1
NR_043793.1	d__Bacteria,1
NR_029337.1	d__Bacteria,1
NR_113928.1	d__Bacteria,1
NR_024904.1	d__Bacteria,1
NR_041708.1	d__Bacteria,1
NR_113924.1	d__Bacteria,1
NR_024905.1	d__Bacteria,1
NR_040817.1	d__Bacteria,1
NR_040817.1	d__Bacteria,1
NR_113909.1	d__Bacteria,1
NR_026499.1	d__Bacteria,1
NR_028705.1	d__Bacteria,1
NR_024906.1	d__Bacteria,1
NR_042055.1	d__Bacteria,1
NR_042054.1	d__Bacteria,1
NR_042054.1	d__Bacteria,1
NR_040789.1	d__Bacteria,1
NR_040789.1	d__Bacteria,1
NR_036922.1	d__Bacteria,1
NR_113899.1	d__Bacteria,1
NR_040914.1	d__Bacteria,1
NR_113873.1	d__Bacteria,1
NR_104280.1	d__Bacteria,1
NR_104278.1	d__Bacteria,1
NR_104279.1	d__Bacteria,1
NR_074495.1	d__Bacteria,1
NR_043165.1	d__Bacteria,1
NR_037019.1	d__Bacteria,1
NR_029222.1	d__Bacteria,1
NR_029254.1	d__Bacteria,1
NR_026098.1	d__Bacteria,1
NR_026088.1	d__Bacteria,1
NR_044754.1	d__Bacteria,1
NR_044925.1	d__Bacteria,1
NR_042021.1	d__Bacteria,1
NR_042506.1	d__Bacteria,1
NR_113719.1	d__Bacteria,1
NR_113709.1	d__Bacteria,1
NR_024711.1	d__Bacteria,1
NR_044077.1	d__Bacteria,1
NR_037084.1	d__Bacteria,1
NR_112011.1	d__Bacteria,1
NR_104952.1	d__Bacteria,1
NR_041751.1	d__Bacteria,1
NR_113649.1	d__Bacteria,1
NR_043419.1	d__Bacteria,1
NR_113641.1	d__Bacteria,1
NR_029106.1	d__Bacteria,1
NR_043182.1	d__Bacteria,1
NR_025001.1	d__Bacteria,1
NR_025949.1	d__Bacteria,1
NR_024643.1	d__Bacteria,1
NR_028719.1	d__Bacteria,1
NR_042509.1	d__Bacteria,1
NR_025357.1	d__Bacteria,1
NR_113604.1	d__Bacteria,1
NR_037092.1	d__Bacteria,1
NR_028719.1	d__Bacteria,1
NR_074222.1	d__Bacteria,1
NR_042052.1	d__Bacteria,1
NR_113592.1	d__Bacteria,1
NR_074923.1	d__Bacteria,1
NR_037104.1	d__Bacteria,1
NR_044863.1	d__Bacteria,1
NR_112076.1	d__Bacteria,1
NR_028938.1	d__Bacteria,1
NR_024946.1	d__Bacteria,1
NR_042091.1	d__Bacteria,1
NR_029106.1	d__Bacteria,1
NR_037082.1	d__Bacteria,1
NR_041940.1	d__Bacteria,1
NR_026095.1	d__Bacteria,1
NR_074505.1	d__Bacteria,1
NR_029312.1	d__Bacteria,1
NR_040877.1	d__Bacteria,1
NR_104936.1	d__Bacteria,1
NR_104936.1	d__Bacteria,1
NR_029230.1	d__Bacteria,1
NR_113384.1	d__Bacteria,1
NR_041935.1	d__Bacteria,1
NR_024749.1	d__Bacteria,1
NR_026083.1	d__Bacteria,1
NR_026094.1	d__Bacteria,1
NR_113367.1	d__Bacteria,1
NR_113366.1	d__Bacteria,1
NR_113356.1	d__Bacteria,1
NR_043152.1	d__Bacteria,1
NR_036907.1	d__Bacteria,1
NR_041324.1	d__Bacteria,1
NR_027519.1	d__Bacteria,1
NR_112006.1	d__Bacteria,1
NR_026209.1	d__Bacteria,1
NR_113345.1	d__Bacteria,1
NR_043997.1	d__Bacteria,1
NR_113343.1	d__Bacteria,1
NR_043638.1	d__Bacteria,1
NR_113341.1	d__Bacteria,1
NR_113340.1	d__Bacteria,1
NR_036899.1	d__Bacteria,1
NR_037033.1	d__Bacteria,1
NR_113323.1	d__Bacteria,1
NR_028993.1	d__Bacteria,1
NR_113320.1	d__Bacteria,1
NR_113314.1	d__Bacteria,1
NR_104722.1	d__Bacteria,1
NR_112630.1	d__Bacteria,1
NR_113262.1	d__Bacteria,1
NR_113261.1	d__Bacteria,1
NR_113260.1	d__Bacteria,1
NR_113258.1	d__Bacteria,1
NR_036922.1	d__Bacteria,1
NR_037082.1	d__Bacteria,1
NR_040823.1	d__Bacteria,1
NR_040817.1	d__Bacteria,1
NR_040817.1	d__Bacteria,1
NR_025365.1	d__Bacteria,1
NR_113248.1	d__Bacteria,1
NR_113246.1	d__Bacteria,1
NR_029231.1	d__Bacteria,1
NR_112170.1	d__Bacteria,1
NR_037084.1	d__Bacteria,1
NR_074222.1	d__Bacteria,1
NR_113237.1	d__Bacteria,1
NR_041742.1	d__Bacteria,1
NR_113230.1	d__Bacteria,1
NR_036844.1	d__Bacteria,1
NR_040923.1	d__Bacteria,1
NR_025378.1	d__Bacteria,1
NR_113204.1	d__Bacteria,1
NR_026083.1	d__Bacteria,1
NR_113189.1	d__Bacteria,1
NR_104889.1	d__Bacteria,1
NR_113186.1	d__Bacteria,1
NR_025648.1	d__Bacteria,1
NR_037089.1	d__Bacteria,1
NR_026083.1	d__Bacteria,1
NR_112173.1	d__Bacteria,1
NR_113138.1	d__Bacteria,1
NR_025484.1	d__Bacteria,1
NR_026505.1	d__Bacteria,1
NR_044778.1	d__Bacteria,1
NR_112172.1	d__Bacteria,1
NR_042918.1	d__Bacteria,1
NR_042917.1	d__Bacteria,1
NR_042917.1	d__Bacteria,1
NR_074140.1	d__Bacteria,1
NR_113124.1	d__Bacteria,1
NR_113123.1	d__Bacteria,1
NR_040924.1	d__Bacteria,1
NR_026417.1	d__Bacteria,1
NR_029147.1	d__Bacteria,1
NR_044628.1	d__Bacteria,1
NR_044628.1	d__Bacteria,1
NR_042841.1	d__Bacteria,1
NR_044850.1	d__Bacteria,1
NR_044850.1	d__Bacteria,1
NR_113114.1	d__Bacteria,1
NR_102895.1	d__Bacteria,1
NR_113112.1	d__Bacteria,1
NR_113111.1	d__Bacteria,1
NR_113110.1	d__Bacteria,1
NR_043216.1	d__Bacteria,1
NR_043216.1	d__Bacteria,1
NR_113106.1	d__Bacteria,1
NR_113106.1	d__Bacteria,1
NR_113105.1	d__Bacteria,1
NR_025281.1	d__Bacteria,1
NR_029149.1	d__Bacteria,1
NR_113102.1	d__Bacteria,1
NR_042842.1	d__Bacteria,1
NR_029284.1	d__Bacteria,1
NR_044627.1	d__Bacteria,1
NR_044630.1	d__Bacteria,1
NR_044631.1	d__Bacteria,1
NR_044629.1	d__Bacteria,1
NR_113095.1	d__Bacteria,1
NR_113094.1	d__Bacteria,1
NR_042587.1	d__Bacteria,1
NR_025300.1	d__Bacteria,1
NR_104833.1	d__Bacteria,1
NR_113086.1	d__Bacteria,1
NR_074588.1	d__Bacteria,1
NR_043317.1	d__Bacteria,1
NR_044636.1	d__Bacteria,1
NR_113074.1	d__Bacteria,1
NR_113060.1	d__Bacteria,1
NR_113059.1	d__Bacteria,1
NR_041280.1	d__Bacteria,1
NR_041280.1	d__Bacteria,1
NR_041280.1	d__Bacteria,1
NR_026083.1	d__Bacteria,1
NR_043332.1	d__Bacteria,1
NR_026228.1	d__Bacteria,1
NR_113029.1	d__Bacteria,1
NR_040847.1	d__Bacteria,1
NR_104822.1	d__Bacteria,1
NR_113022.1	d__Bacteria,1
NR_026135.1	d__Bacteria,1
NR_104934.1	d__Bacteria,1
NR_044729.2	d__Bacteria,1
NR_044698.1	d__Bacteria,1
NR_112975.1	d__Bacteria,1
NR_042471.2	d__Bacteria,1
NR_024825.1	d__Bacteria,1
NR_112951.1	d__Bacteria,1
NR_112945.1	d__Bacteria,1
NR_112944.1	d__Bacteria,1
NR_027196.1	d__Bacteria,1
NR_043016.1	d__Bacteria,1
NR_112940.1	d__Bacteria,1
NR_074546.1	d__Bacteria,1
NR_112141.1	d__Bacteria,1
NR_040864.1	d__Bacteria,1
NR_042203.1	d__Bacteria,1
NR_026242.1	d__Bacteria,1
NR_044845.1	d__Bacteria,1
NR_112837.1	d__Bacteria,1
NR_112835.1	d__Bacteria,1
NR_043403.1	d__Bacteria,1
NR_037005.1	d__Bacteria,1
NR_024689.1	d__Bacteria,1
NR_112704.1	d__Bacteria,1
NR_112630.1	d__Bacteria,1
NR_042073.1	d__Bacteria,1
NR_041145.1	d__Bacteria,1
NR_112530.1	d__Bacteria,1
NR_044151.1	d__Bacteria,1
NR_024764.1	d__Bacteria,1
NR_025615.1	d__Bacteria,1
NR_042791.1	d__Bacteria,1
NR_112185.1	d__Bacteria,1
NR_042102.1	d__Bacteria,1
NR_024723.1	d__Bacteria,1
NR_043335.1	d__Bacteria,1
NR_024764.1	d__Bacteria,1
NR_112362.1	d__Bacteria,1
NR_026444.1	d__Bacteria,1
NR_025615.1	d__Bacteria,1
NR_042791.1	d__Bacteria,1
NR_044145.1	d__Bacteria,1
NR_112305.1	d__Bacteria,1
NR_041914.1	d__Bacteria,1
NR_042683.1	d__Bacteria,1
NR_037005.1	d__Bacteria,1
NR_041524.1	d__Bacteria,1
NR_028938.1	d__Bacteria,1
NR_112185.1	d__Bacteria,1
NR_112173.1	d__Bacteria,1
NR_112172.1	d__Bacteria,1
NR_112170.1	d__Bacteria,1
NR_112166.1	d__Bacteria,1
NR_112141.1	d__Bacteria,1
NR_043335.1	d__Bacteria,1
NR_112097.1	d__Bacteria,1
NR_028598.1	d__Bacteria,1
NR_037104.1	d__Bacteria,1
NR_024946.1	d__Bacteria,1
NR_112076.1	d__Bacteria,1
NR_112075.1	d__Bacteria,1
NR_026533.1	d__Bacteria,1
NR_026534.1	d__Bacteria,1
NR_029210.1	d__Bacteria,1
NR_042054.1	d__Bacteria,1
NR_042928.1	d__Bacteria,1
NR_029052.1	d__Bacteria,1
NR_112011.1	d__Bacteria,1
NR_037084.1	d__Bacteria,1
NR_028802.1	d__Bacteria,1
NR_112006.1	d__Bacteria,1
NR_041979.1	d__Bacteria,1
NR_036834.1	d__Bacteria,1
NR_036864.2	d__Bacteria,1
NR_040814.1	d__Bacteria,1
NR_044658.2	d__Bacteria,1
NR_044699.2	d__Bacteria,1
NR_044712.2	d__Bacteria,1
NR_044929.2	d__Bacteria,1
NR_043441.2	d__Bacteria,1
NR_043441.2	d__Bacteria,1
NR_041119.2	d__Bacteria,1
NR_109720.1	d__Bacteria,1
NR_109668.1	d__Bacteria,1
NR_109416.1	d__Bacteria,1
NR_109415.1	d__Bacteria,1
NR_108533.1	d__Bacteria,1
NR_108475.1	d__Bacteria,1
NR_108438.1	d__Bacteria,1
NR_104991.1	d__Bacteria,1
NR_104980.1	d__Bacteria,1
NR_104978.1	d__Bacteria,1
NR_104975.1	d__Bacteria,1
NR_104974.1	d__Bacteria,1
NR_104972.1	d__Bacteria,1
NR_104971.1	d__Bacteria,1
NR_104968.1	d__Bacteria,1
NR_104952.1	d__Bacteria,1
NR_104947.1	d__Bacteria,1
NR_025893.1	d__Bacteria,1
NR_104942.1	d__Bacteria,1
NR_104940.1	d__Bacteria,1
NR_104939.1	d__Bacteria,1
NR_104938.1	d__Bacteria,1
NR_104936.1	d__Bacteria,1
NR_104934.1	d__Bacteria,1
NR_104933.1	d__Bacteria,1
NR_104930.1	d__Bacteria,1
NR_104916.1	d__Bacteria,1
NR_104903.1	d__Bacteria,1
NR_029153.1	d__Bacteria,1
NR_104898.1	d__Bacteria,1
NR_104889.1	d__Bacteria,1
NR_104888.1	d__Bacteria,1
NR_104877.1	d__Bacteria,1
NR_104876.1	d__Bacteria,1
NR_104833.1	d__Bacteria,1
NR_104826.1	d__Bacteria,1
NR_029252.1	d__Bacteria,1
NR_104823.1	d__Bacteria,1
NR_104822.1	d__Bacteria,1
NR_042912.1	d__Bacteria,1
NR_104768.1	d__Bacteria,1
NR_104722.1	d__Bacteria,1
NR_104718.1	d__Bacteria,1
NR_104716.1	d__Bacteria,1
NR_104711.1	d__Bacteria,1
NR_041696.1	d__Bacteria,1
NR_104708.1	d__Bacteria,1
NR_104695.1	d__Bacteria,1
NR_104685.1	d__Bacteria,1
NR_042365.1	d__Bacteria,1
NR_043330.1	d__Bacteria,1
NR_025625.1	d__Bacteria,1
NR_104568.1	d__Bacteria,1
NR_104567.1	d__Bacteria,1
NR_104560.1	d__Bacteria,1
NR_104280.1	d__Bacteria,1
NR_104279.1	d__Bacteria,1
NR_104278.1	d__Bacteria,1
NR_044732.2	d__Bacteria,1
NR_044729.2	d__Bacteria,1
NR_044718.2	d__Bacteria,1
NR_044694.2	d__Bacteria,1
NR_043437.1	d__Bacteria,1
NR_043437.1	d__Bacteria,1
NR_044690.2	d__Bacteria,1
NR_044687.2	d__Bacteria,1
NR_027576.1	d__Bacteria,1
NR_102895.1	d__Bacteria,1
NR_044632.1	d__Bacteria,1
NR_024764.1	d__Bacteria,1
NR_036950.1	d__Bacteria,1
NR_029284.1	d__Bacteria,1
NR_074168.1	d__Bacteria,1
NR_074447.1	d__Bacteria,1
NR_036772.1	d__Bacteria,1
NR_025377.1	d__Bacteria,1
NR_074140.1	d__Bacteria,1
NR_074299.2	d__Bacteria,1
NR_042232.1	d__Bacteria,1
NR_037082.1	d__Bacteria,1
NR_074975.1	d__Bacteria,1
NR_074923.1	d__Bacteria,1
NR_074902.1	d__Bacteria,1
NR_074888.1	d__Bacteria,1
NR_074886.1	d__Bacteria,1
NR_074846.1	d__Bacteria,1
NR_040999.1	d__Bacteria,1
NR_074821.1	d__Bacteria,1
NR_074757.1	d__Bacteria,1
NR_044684.1	d__Bacteria,1
NR_074742.1	d__Bacteria,1
NR_074732.1	d__Bacteria,1
NR_074663.1	d__Bacteria,1
NR_029314.1	d__Bacteria,1
NR_026155.1	d__Bacteria,1
NR_074603.1	d__Bacteria,1
NR_025347.1	d__Bacteria,1
NR_074588.1	d__Bacteria,1
NR_036899.1	d__Bacteria,1
NR_041939.1	d__Bacteria,1
NR_074546.1	d__Bacteria,1
NR_028828.1	d__Bacteria,1
NR_074529.1	d__Bacteria,1
NR_074505.1	d__Bacteria,1
NR_074495.1	d__Bacteria,1
NR_074449.1	d__Bacteria,1
NR_074447.1	d__Bacteria,1
NR_074440.1	d__Bacteria,1
NR_026025.1	d__Bacteria,1
NR_042917.1	d__Bacteria,1
NR_027524.1	d__Bacteria,1
NR_027570.1	d__Bacteria,1
NR_074408.1	d__Bacteria,1
NR_037089.1	d__Bacteria,1
NR_041342.1	d__Bacteria,1
NR_074314.1	d__Bacteria,1
NR_025369.1	d__Bacteria,1
NR_074286.1	d__Bacteria,1
NR_074222.1	d__Bacteria,1
NR_074203.1	d__Bacteria,1
NR_042471.2	d__Bacteria,1
NR_042430.2	d__Bacteria,1
NR_044975.1	d__Bacteria,1
NR_044966.1	d__Bacteria,1
NR_044965.1	d__Bacteria,1
NR_044963.1	d__Bacteria,1
NR_044961.1	d__Bacteria,1
NR_044931.1	d__Bacteria,1
NR_044925.1	d__Bacteria,1
NR_044912.1	d__Bacteria,1
NR_044873.1	d__Bacteria,1
NR_044872.1	d__Bacteria,1
NR_026214.1	d__Bacteria,1
NR_044863.1	d__Bacteria,1
NR_044858.1	d__Bacteria,1
NR_044853.1	d__Bacteria,1
NR_044850.1	d__Bacteria,1
NR_044846.1	d__Bacteria,1
NR_044845.1	d__Bacteria,1
NR_044844.1	d__Bacteria,1
NR_044840.1	d__Bacteria,1
NR_044827.1	d__Bacteria,1
NR_044821.1	d__Bacteria,1
NR_044820.1	d__Bacteria,1
NR_036972.1	d__Bacteria,1
NR_044799.1	d__Bacteria,1
NR_044778.1	d__Bacteria,1
NR_044777.1	d__Bacteria,1
NR_044762.1	d__Bacteria,1
NR_044754.1	d__Bacteria,1
NR_044749.1	d__Bacteria,1
NR_044744.1	d__Bacteria,1
NR_044742.1	d__Bacteria,1
NR_044698.1	d__Bacteria,1
NR_044684.1	d__Bacteria,1
NR_044636.1	d__Bacteria,1
NR_044632.1	d__Bacteria,1
NR_044631.1	d__Bacteria,1
NR_044630.1	d__Bacteria,1
NR_044629.1	d__Bacteria,1
NR_044628.1	d__Bacteria,1
NR_044627.1	d__Bacteria,1
NR_041696.1	d__Bacteria,1
NR_041696.1	d__Bacteria,1
NR_041696.1	d__Bacteria,1
NR_041696.1	d__Bacteria,1
NR_044310.1	d__Bacteria,1
NR_025584.1	d__Bacteria,1
NR_044151.1	d__Bacteria,1
NR_044145.1	d__Bacteria,1
NR_044057.1	d__Bacteria,1
NR_044060.1	d__Bacteria,1
NR_044057.1	d__Bacteria,1
NR_044057.1	d__Bacteria,1
NR_043998.1	d__Bacteria,1
NR_043997.1	d__Bacteria,1
NR_043916.1	d__Bacteria,1
NR_043794.1	d__Bacteria,1
NR_043793.1	d__Bacteria,1
NR_043764.1	d__Bacteria,1
NR_028938.1	d__Bacteria,1
NR_043661.1	d__Bacteria,1
NR_043660.1	d__Bacteria,1
NR_043602.1	d__Bacteria,1
NR_043601.1	d__Bacteria,1
NR_043600.1	d__Bacteria,1
NR_041834.1	d__Bacteria,1
NR_043598.1	d__Bacteria,1
NR_043553.1	d__Bacteria,1
NR_043476.1	d__Bacteria,1
NR_025357.1	d__Bacteria,1
NR_043444.1	d__Bacteria,1
NR_043443.1	d__Bacteria,1
NR_043439.1	d__Bacteria,1
NR_043438.1	d__Bacteria,1
NR_043437.1	d__Bacteria,1
NR_043419.1	d__Bacteria,1
NR_043413.1	d__Bacteria,1
NR_043412.1	d__Bacteria,1
NR_043403.1	d__Bacteria,1
NR_041145.1	d__Bacteria,1
NR_043335.1	d__Bacteria,1
NR_043332.1	d__Bacteria,1
NR_043330.1	d__Bacteria,1
NR_025001.1	d__Bacteria,1
NR_043317.1	d__Bacteria,1
NR_029362.1	d__Bacteria,1
NR_043239.1	d__Bacteria,1
NR_042917.1	d__Bacteria,1
NR_043200.1	d__Bacteria,1
NR_029106.1	d__Bacteria,1
NR_043182.1	d__Bacteria,1
NR_043152.1	d__Bacteria,1
NR_043051.1	d__Bacteria,1
NR_043050.1	d__Bacteria,1
NR_043047.1	d__Bacteria,1
NR_043046.1	d__Bacteria,1
NR_043045.1	d__Bacteria,1
NR_043044.1	d__Bacteria,1
NR_043016.1	d__Bacteria,1
NR_043003.1	d__Bacteria,1
NR_042917.1	d__Bacteria,1
NR_043001.1	d__Bacteria,1
NR_042928.1	d__Bacteria,1
NR_042918.1	d__Bacteria,1
NR_042917.1	d__Bacteria,1
NR_042912.1	d__Bacteria,1
NR_042902.1	d__Bacteria,1
NR_042878.1	d__Bacteria,1
NR_042876.1	d__Bacteria,1
NR_042875.1	d__Bacteria,1
NR_042874.1	d__Bacteria,1
NR_042873.1	d__Bacteria,1
NR_042813.1	d__Bacteria,1
NR_042802.1	d__Bacteria,1
NR_042791.1	d__Bacteria,1
NR_042753.1	d__Bacteria,1
NR_042684.1	d__Bacteria,1
NR_042683.1	d__Bacteria,1
NR_042649.1	d__Bacteria,1
NR_042635.1	d__Bacteria,1
NR_042591.1	d__Bacteria,1
NR_042587.1	d__Bacteria,1
NR_042583.1	d__Bacteria,1
NR_042566.1	d__Bacteria,1
NR_042558.1	d__Bacteria,1
NR_042554.1	d__Bacteria,1
NR_042553.1	d__Bacteria,1
NR_043638.1	d__Bacteria,1
NR_042509.1	d__Bacteria,1
NR_042506.1	d__Bacteria,1
NR_042462.1	d__Bacteria,1
NR_042440.1	d__Bacteria,1
NR_042440.1	d__Bacteria,1
NR_042423.1	d__Bacteria,1
NR_042413.1	d__Bacteria,1
NR_042365.1	d__Bacteria,1
NR_042356.1	d__Bacteria,1
NR_042354.1	d__Bacteria,1
NR_042353.1	d__Bacteria,1
NR_042349.1	d__Bacteria,1
NR_042284.1	d__Bacteria,1
NR_042280.1	d__Bacteria,1
NR_042265.1	d__Bacteria,1
NR_042238.1	d__Bacteria,1
NR_042232.1	d__Bacteria,1
NR_042215.1	d__Bacteria,1
NR_042203.1	d__Bacteria,1
NR_042191.1	d__Bacteria,1
NR_042176.1	d__Bacteria,1
NR_042173.1	d__Bacteria,1
NR_042165.1	d__Bacteria,1
NR_042164.1	d__Bacteria,1
NR_042163.1	d__Bacteria,1
NR_042153.1	d__Bacteria,1
NR_042139.1	d__Bacteria,1
NR_042119.1	d__Bacteria,1
NR_042102.1	d__Bacteria,1
NR_042087.1	d__Bacteria,1
NR_042073.1	d__Bacteria,1
NR_042062.1	d__Bacteria,1
NR_042058.1	d__Bacteria,1
NR_042055.1	d__Bacteria,1
NR_042054.1	d__Bacteria,1
NR_042051.1	d__Bacteria,1
NR_042025.1	d__Bacteria,1
NR_042021.1	d__Bacteria,1
NR_042001.1	d__Bacteria,1
NR_041996.1	d__Bacteria,1
NR_041988.1	d__Bacteria,1
NR_041983.1	d__Bacteria,1
NR_041979.1	d__Bacteria,1
NR_041941.1	d__Bacteria,1
NR_041940.1	d__Bacteria,1
NR_041938.1	d__Bacteria,1
NR_041935.1	d__Bacteria,1
NR_041914.1	d__Bacteria,1
NR_041874.1	d__Bacteria,1
NR_041870.1	d__Bacteria,1
NR_041868.1	d__Bacteria,1
NR_041867.1	d__Bacteria,1
NR_041865.1	d__Bacteria,1
NR_041864.1	d__Bacteria,1
NR_041863.1	d__Bacteria,1
NR_041861.1	d__Bacteria,1
NR_041858.1	d__Bacteria,1
NR_041835.1	d__Bacteria,1
NR_041834.1	d__Bacteria,1
NR_041809.1	d__Bacteria,1
NR_041809.1	d__Bacteria,1
NR_041800.1	d__Bacteria,1
NR_041781.1	d__Bacteria,1
NR_041780.1	d__Bacteria,1
NR_041773.1	d__Bacteria,1
NR_041753.1	d__Bacteria,1
NR_041742.1	d__Bacteria,1
NR_041727.1	d__Bacteria,1
NR_041696.1	d__Bacteria,1
NR_041684.1	d__Bacteria,1
NR_041524.1	d__Bacteria,1
NR_041145.1	d__Bacteria,1
NR_041346.1	d__Bacteria,1
NR_041343.1	d__Bacteria,1
NR_041342.1	d__Bacteria,1
NR_027518.1	d__Bacteria,1
NR_041324.1	d__Bacteria,1
NR_036956.1	d__Bacteria,1
NR_041280.1	d__Bacteria,1
NR_041280.1	d__Bacteria,1
NR_041251.1	d__Bacteria,1
NR_041248.1	d__Bacteria,1
NR_041219.1	d__Bacteria,1
NR_041187.1	d__Bacteria,1
NR_041141.1	d__Bacteria,1
NR_041134.1	d__Bacteria,1
NR_041104.1	d__Bacteria,1
NR_041079.1	d__Bacteria,1
NR_040932.1	d__Bacteria,1
NR_040930.1	d__Bacteria,1
NR_040924.1	d__Bacteria,1
NR_040914.1	d__Bacteria,1
NR_040847.1	d__Bacteria,1
NR_040837.1	d__Bacteria,1
NR_025001.1	d__Bacteria,1
NR_040820.1	d__Bacteria,1
NR_040814.1	d__Bacteria,1
NR_040813.1	d__Bacteria,1
NR_040811.1	d__Bacteria,1
NR_040789.1	d__Bacteria,1
NR_044626.1	d__Bacteria,1
NR_042801.1	d__Bacteria,1
NR_044224.1	d__Bacteria,1
NR_044182.1	d__Bacteria,1
NR_044110.1	d__Bacteria,1
NR_044077.1	d__Bacteria,1
NR_043957.1	d__Bacteria,1
NR_043941.1	d__Bacteria,1
NR_043638.1	d__Bacteria,1
NR_043588.1	d__Bacteria,1
NR_043518.1	d__Bacteria,1
NR_043458.1	d__Bacteria,1
NR_043216.1	d__Bacteria,1
NR_043165.1	d__Bacteria,1
NR_043093.1	d__Bacteria,1
NR_043063.1	d__Bacteria,1
NR_043062.1	d__Bacteria,1
NR_042906.1	d__Bacteria,1
NR_042847.1	d__Bacteria,1
NR_042845.1	d__Bacteria,1
NR_042842.1	d__Bacteria,1
NR_042841.1	d__Bacteria,1
NR_042801.1	d__Bacteria,1
NR_042778.1	d__Bacteria,1
NR_042777.1	d__Bacteria,1
NR_042776.1	d__Bacteria,1
NR_042775.1	d__Bacteria,1
NR_042773.1	d__Bacteria,1
NR_029106.1	d__Bacteria,1
NR_041897.1	d__Bacteria,1
NR_041894.1	d__Bacteria,1
NR_041791.1	d__Bacteria,1
NR_041790.1	d__Bacteria,1
NR_037014.2	d__Bacteria,1
NR_036911.2	d__Bacteria,1
NR_037134.1	d__Bacteria,1
NR_037127.1	d__Bacteria,1
NR_037126.1	d__Bacteria,1
NR_037113.1	d__Bacteria,1
NR_037111.1	d__Bacteria,1
NR_037104.1	d__Bacteria,1
NR_037092.1	d__Bacteria,1
NR_037087.1	d__Bacteria,1
NR_037082.1	d__Bacteria,1
NR_037067.1	d__Bacteria,1
NR_037060.1	d__Bacteria,1
NR_029153.1	d__Bacteria,1
NR_037051.1	d__Bacteria,1
NR_037041.1	d__Bacteria,1
NR_037040.1	d__Bacteria,1
NR_037036.1	d__Bacteria,1
NR_037035.1	d__Bacteria,1
NR_037033.1	d__Bacteria,1
NR_037030.1	d__Bacteria,1
NR_037024.1	d__Bacteria,1
NR_037023.1	d__Bacteria,1
NR_037022.1	d__Bacteria,1
NR_037020.1	d__Bacteria,1
NR_025001.1	d__Bacteria,1
NR_037009.1	d__Bacteria,1
NR_037005.1	d__Bacteria,1
NR_037002.1	d__Bacteria,1
NR_036996.1	d__Bacteria,1
NR_036995.1	d__Bacteria,1
NR_036992.1	d__Bacteria,1
NR_036991.1	d__Bacteria,1
NR_036989.1	d__Bacteria,1
NR_036988.1	d__Bacteria,1
NR_036956.1	d__Bacteria,1
NR_036951.1	d__Bacteria,1
NR_036929.1	d__Bacteria,1
NR_036922.1	d__Bacteria,1
NR_036918.1	d__Bacteria,1
NR_036907.1	d__Bacteria,1
NR_036906.1	d__Bacteria,1
NR_036905.1	d__Bacteria,1
NR_036904.1	d__Bacteria,1
NR_036903.1	d__Bacteria,1
NR_036901.1	d__Bacteria,1
NR_036900.1	d__Bacteria,1
NR_036899.1	d__Bacteria,1
NR_036897.1	d__Bacteria,1
NR_036894.1	d__Bacteria,1
NR_036882.1	d__Bacteria,1
NR_024697.1	d__Bacteria,1
NR_036876.1	d__Bacteria,1
NR_041837.1	d__Bacteria,1
NR_036862.1	d__Bacteria,1
NR_036844.1	d__Bacteria,1
NR_036834.1	d__Bacteria,1
NR_036828.1	d__Bacteria,1
NR_036825.1	d__Bacteria,1
NR_036812.1	d__Bacteria,1
NR_036809.1	d__Bacteria,1
NR_036792.1	d__Bacteria,1
NR_036790.1	d__Bacteria,1
NR_027519.1	d__Bacteria,1
NR_036772.1	d__Bacteria,1
NR_029369.1	d__Bacteria,1
NR_029368.1	d__Bacteria,1
NR_029367.1	d__Bacteria,1
NR_029366.1	d__Bacteria,1
NR_029345.1	d__Bacteria,1
NR_029337.1	d__Bacteria,1
NR_029326.1	d__Bacteria,1
NR_029318.1	d__Bacteria,1
NR_029312.1	d__Bacteria,1
NR_029302.1	d__Bacteria,1
NR_029292.1	d__Bacteria,1
NR_029286.1	d__Bacteria,1
NR_029280.1	d__Bacteria,1
NR_029267.1	d__Bacteria,1
NR_029260.1	d__Bacteria,1
NR_029259.1	d__Bacteria,1
NR_029254.1	d__Bacteria,1
NR_029252.1	d__Bacteria,1
NR_029237.1	d__Bacteria,1
NR_029231.1	d__Bacteria,1
NR_029230.1	d__Bacteria,1
NR_029229.1	d__Bacteria,1
NR_029223.1	d__Bacteria,1
NR_029218.1	d__Bacteria,1
NR_029217.1	d__Bacteria,1
NR_029210.1	d__Bacteria,1
NR_029208.1	d__Bacteria,1
NR_029171.1	d__Bacteria,1
NR_029169.1	d__Bacteria,1
NR_029165.1	d__Bacteria,1
NR_029157.1	d__Bacteria,1
NR_029155.1	d__Bacteria,1
NR_029154.1	d__Bacteria,1
NR_029149.1	d__Bacteria,1
NR_029147.1	d__Bacteria,1
NR_029143.1	d__Bacteria,1
NR_029106.1	d__Bacteria,1
NR_029097.1	d__Bacteria,1
NR_029061.1	d__Bacteria,1
NR_029065.1	d__Bacteria,1
NR_029063.1	d__Bacteria,1
NR_029062.1	d__Bacteria,1
NR_029061.1	d__Bacteria,1
NR_029052.1	d__Bacteria,1
NR_029043.1	d__Bacteria,1
NR_029040.1	d__Bacteria,1
NR_029038.1	d__Bacteria,1
NR_029037.1	d__Bacteria,1
NR_029025.1	d__Bacteria,1
NR_029015.1	d__Bacteria,1
NR_028994.1	d__Bacteria,1
NR_028993.1	d__Bacteria,1
NR_028987.1	d__Bacteria,1
NR_028986.1	d__Bacteria,1
NR_028941.1	d__Bacteria,1
NR_028922.1	d__Bacteria,1
NR_028915.1	d__Bacteria,1
NR_028906.1	d__Bacteria,1
NR_028899.1	d__Bacteria,1
NR_025234.1	d__Bacteria,1
NR_028869.1	d__Bacteria,1
NR_028857.1	d__Bacteria,1
NR_028847.1	d__Bacteria,1
NR_028839.1	d__Bacteria,1
NR_028833.1	d__Bacteria,1
NR_028812.1	d__Bacteria,1
NR_028803.1	d__Bacteria,1
NR_028802.1	d__Bacteria,1
NR_028795.1	d__Bacteria,1
NR_025635.1	d__Bacteria,1
NR_028773.1	d__Bacteria,1
NR_028759.1	d__Bacteria,1
NR_028751.1	d__Bacteria,1
NR_028750.1	d__Bacteria,1
NR_028749.1	d__Bacteria,1
NR_028736.1	d__Bacteria,1
NR_028719.1	d__Bacteria,1
NR_028705.1	d__Bacteria,1
NR_028704.1	d__Bacteria,1
NR_028687.1	d__Bacteria,1
NR_028686.1	d__Bacteria,1
NR_028685.1	d__Bacteria,1
NR_028673.1	d__Bacteria,1
NR_028670.1	d__Bacteria,1
NR_028669.1	d__Bacteria,1
NR_028667.1	d__Bacteria,1
NR_028666.1	d__Bacteria,1
NR_028664.1	d__Bacteria,1
NR_028654.1	d__Bacteria,1
NR_028653.1	d__Bacteria,1
NR_028650.1	d__Bacteria,1
NR_028598.1	d__Bacteria,1
NR_028018.1	d__Bacteria,1
NR_028015.1	d__Bacteria,1
NR_028009.1	d__Bacteria,1
NR_028006.1	d__Bacteria,1
NR_027520.1	d__Bacteria,1
NR_027519.1	d__Bacteria,1
NR_027518.1	d__Bacteria,1
NR_027197.1	d__Bacteria,1
NR_027189.1	d__Bacteria,1
NR_025625.1	d__Bacteria,1
NR_025586.1	d__Bacteria,1
NR_025574.1	d__Bacteria,1
NR_025548.1	d__Bacteria,1
NR_025540.1	d__Bacteria,1
NR_025530.1	d__Bacteria,1
NR_025521.1	d__Bacteria,1
NR_025516.1	d__Bacteria,1
NR_025500.1	d__Bacteria,1
NR_025439.1	d__Bacteria,1
NR_025434.1	d__Bacteria,1
NR_025433.1	d__Bacteria,1
NR_025412.1	d__Bacteria,1
NR_025404.1	d__Bacteria,1
NR_025396.1	d__Bacteria,1
NR_025385.1	d__Bacteria,1
NR_025379.1	d__Bacteria,1
NR_025377.1	d__Bacteria,1
NR_025369.1	d__Bacteria,1
NR_025368.1	d__Bacteria,1
NR_025365.1	d__Bacteria,1
NR_025364.1	d__Bacteria,1
NR_025357.1	d__Bacteria,1
NR_025339.1	d__Bacteria,1
NR_025334.1	d__Bacteria,1
NR_025330.1	d__Bacteria,1
NR_025329.1	d__Bacteria,1
NR_025328.1	d__Bacteria,1
NR_025314.1	d__Bacteria,1
NR_025309.1	d__Bacteria,1
NR_025305.1	d__Bacteria,1
NR_025300.1	d__Bacteria,1
NR_025296.1	d__Bacteria,1
NR_025001.1	d__Bacteria,1
NR_025281.1	d__Bacteria,1
NR_025275.1	d__Bacteria,1
NR_025273.1	d__Bacteria,1
NR_025272.1	d__Bacteria,1
NR_025267.1	d__Bacteria,1
NR_025234.1	d__Bacteria,1
NR_025242.1	d__Bacteria,1
NR_025234.1	d__Bacteria,1
NR_025234.1	d__Bacteria,1
NR_025230.1	d__Bacteria,1
NR_025228.1	d__Bacteria,1
NR_025216.1	d__Bacteria,1
NR_025208.1	d__Bacteria,1
NR_025167.1	d__Bacteria,1
NR_025161.1	d__Bacteria,1
NR_025160.1	d__Bacteria,1
NR_025159.1	d__Bacteria,1
NR_025104.1	d__Bacteria,1
NR_025096.1	d__Bacteria,1
NR_025087.1	d__Bacteria,1
NR_025051.1	d__Bacteria,1
NR_025036.1	d__Bacteria,1
NR_025034.1	d__Bacteria,1
NR_025033.1	d__Bacteria,1
NR_025017.1	d__Bacteria,1
NR_025012.1	d__Bacteria,1
NR_025001.1	d__Bacteria,1
NR_024974.1	d__Bacteria,1
NR_024969.1	d__Bacteria,1
NR_037052.1	d__Bacteria,1
NR_024946.1	d__Bacteria,1
NR_024924.1	d__Bacteria,1
NR_024915.1	d__Bacteria,1
NR_024906.1	d__Bacteria,1
NR_024903.1	d__Bacteria,1
NR_024902.1	d__Bacteria,1
NR_024861.1	d__Bacteria,1
NR_024848.1	d__Bacteria,1
NR_024832.1	d__Bacteria,1
NR_024825.1	d__Bacteria,1
NR_024815.1	d__Bacteria,1
NR_024803.1	d__Bacteria,1
NR_024785.1	d__Bacteria,1
NR_024768.1	d__Bacteria,1
NR_024764.1	d__Bacteria,1
NR_024749.1	d__Bacteria,1
NR_024734.1	d__Bacteria,1
NR_024723.1	d__Bacteria,1
NR_024722.1	d__Bacteria,1
NR_024711.1	d__Bacteria,1
NR_024697.1	d__Bacteria,1
NR_024689.1	d__Bacteria,1
NR_024668.1	d__Bacteria,1
NR_024665.1	d__Bacteria,1
NR_024664.1	d__Bacteria,1
NR_024662.1	d__Bacteria,1
NR_024644.1	d__Bacteria,1
NR_024643.1	d__Bacteria,1
NR_024642.1	d__Bacteria,1
NR_024640.1	d__Bacteria,1
NR_024634.1	d__Bacteria,1
NR_024633.1	d__Bacteria,1
NR_026534.1	d__Bacteria,1
NR_026533.1	d__Bacteria,1
NR_026527.1	d__Bacteria,1
NR_026525.1	d__Bacteria,1
NR_026522.1	d__Bacteria,1
NR_026520.1	d__Bacteria,1
NR_026505.1	d__Bacteria,1
NR_026500.1	d__Bacteria,1
NR_026499.1	d__Bacteria,1
NR_026471.1	d__Bacteria,1
NR_026452.1	d__Bacteria,1
NR_026444.1	d__Bacteria,1
NR_026420.1	d__Bacteria,1
NR_026419.1	d__Bacteria,1
NR_026415.1	d__Bacteria,1
NR_026394.1	d__Bacteria,1
NR_026393.1	d__Bacteria,1
NR_026379.1	d__Bacteria,1
NR_026376.1	d__Bacteria,1
NR_026370.1	d__Bacteria,1
NR_026369.1	d__Bacteria,1
NR_026368.1	d__Bacteria,1
NR_026358.1	d__Bacteria,1
NR_026343.1	d__Bacteria,1
NR_026332.1	d__Bacteria,1
NR_026331.1	d__Bacteria,1
NR_026271.1	d__Bacteria,1
NR_026242.1	d__Bacteria,1
NR_026228.1	d__Bacteria,1
NR_026227.1	d__Bacteria,1
NR_026218.1	d__Bacteria,1
NR_026216.1	d__Bacteria,1
NR_026215.1	d__Bacteria,1
NR_026214.1	d__Bacteria,1
NR_026213.1	d__Bacteria,1
NR_026209.1	d__Bacteria,1
NR_026208.1	d__Bacteria,1
NR_026207.1	d__Bacteria,1
NR_026200.1	d__Bacteria,1
NR_026199.1	d__Bacteria,1
NR_026182.1	d__Bacteria,1
NR_026173.1	d__Bacteria,1
NR_026163.1	d__Bacteria,1
NR_026155.1	d__Bacteria,1
NR_026135.1	d__Bacteria,1
NR_026120.1	d__Bacteria,1
NR_026117.1	d__Bacteria,1
NR_026098.1	d__Bacteria,1
NR_026094.1	d__Bacteria,1
NR_026088.1	d__Bacteria,1
NR_026085.1	d__Bacteria,1
NR_025584.1	d__Bacteria,1
NR_026081.1	d__Bacteria,1
NR_026075.1	d__Bacteria,1
NR_026057.1	d__Bacteria,1
NR_026037.1	d__Bacteria,1
NR_026011.1	d__Bacteria,1
NR_025980.1	d__Bacteria,1
NR_025952.1	d__Bacteria,1
NR_025951.1	d__Bacteria,1
NR_025950.1	d__Bacteria,1
NR_025949.1	d__Bacteria,1
NR_025940.1	d__Bacteria,1
NR_025938.1	d__Bacteria,1
NR_025934.1	d__Bacteria,1
NR_025922.1	d__Bacteria,1
NR_025920.1	d__Bacteria,1
NR_025904.1	d__Bacteria,1
NR_025902.1	d__Bacteria,1
NR_025893.1	d__Bacteria,1
NR_025892.1	d__Bacteria,1
NR_025891.1	d__Bacteria,1
NR_025889.1	d__Bacteria,1
NR_025888.1	d__Bacteria,1
NR_025881.1	d__Bacteria,1
NR_025862.1	d__Bacteria,1
NR_025861.1	d__Bacteria,1
NR_025805.1	d__Bacteria,1
NR_025793.1	d__Bacteria,1
NR_025787.1	d__Bacteria,1
NR_025759.1	d__Bacteria,1
NR_025737.1	d__Bacteria,1
NR_025729.1	d__Bacteria,1
NR_025726.1	d__Bacteria,1
NR_025685.1	d__Bacteria,1
NR_025669.1	d__Bacteria,1
NR_025648.1	d__Bacteria,1
NR_025635.1	d__Bacteria,1
NR_025630.1	d__Bacteria,1
NR_036864.2	d__Bacteria,1
NR_036954.2	d__Bacteria,1
NR_134226.1	d__Bacteria,1
NR_042154.1	d__Bacteria,1
NR_042091.1	d__Bacteria,1
NR_041640.1	d__Bacteria,1
NR_042053.1	d__Bacteria,1
NR_042052.1	d__Bacteria,1
NR_041998.1	d__Bacteria,1
NR_041990.1	d__Bacteria,1
NR_041939.1	d__Bacteria,1
NR_041875.1	d__Bacteria,1
NR_041862.1	d__Bacteria,1
NR_041859.1	d__Bacteria,1
NR_041856.1	d__Bacteria,1
NR_041837.1	d__Bacteria,1
NR_041809.1	d__Bacteria,1
NR_041794.1	d__Bacteria,1
NR_041751.1	d__Bacteria,1
NR_041710.1	d__Bacteria,1
NR_041708.1	d__Bacteria,1
NR_041640.1	d__Bacteria,1
NR_041464.1	d__Bacteria,1
NR_041364.1	d__Bacteria,1
NR_041285.1	d__Bacteria,1
NR_041145.1	d__Bacteria,1
NR_040999.1	d__Bacteria,1
NR_040995.1	d__Bacteria,1
NR_040988.1	d__Bacteria,1
NR_040923.1	d__Bacteria,1
NR_040877.1	d__Bacteria,1
NR_040864.1	d__Bacteria,1
NR_040823.1	d__Bacteria,1
NR_040817.1	d__Bacteria,1
NR_040817.1	d__Bacteria,1
NR_040783.1	d__Bacteria,1
NR_041906.1	d__Bacteria,1
NR_041803.1	d__Bacteria,1
NR_037117.1	d__Bacteria,1
NR_037089.1	d__Bacteria,1
NR_037052.1	d__Bacteria,1
NR_037038.1	d__Bacteria,1
NR_036982.1	d__Bacteria,1
NR_036950.1	d__Bacteria,1
NR_036936.1	d__Bacteria,1
NR_036934.1	d__Bacteria,1
NR_036888.1	d__Bacteria,1
NR_036853.1	d__Bacteria,1
NR_036773.1	d__Bacteria,1
NR_029362.1	d__Bacteria,1
NR_029314.1	d__Bacteria,1
NR_029284.1	d__Bacteria,1
NR_029279.1	d__Bacteria,1
NR_029274.1	d__Bacteria,1
NR_029234.1	d__Bacteria,1
NR_029222.1	d__Bacteria,1
NR_029200.1	d__Bacteria,1
NR_029173.1	d__Bacteria,1
NR_029153.1	d__Bacteria,1
NR_029138.1	d__Bacteria,1
NR_029074.1	d__Bacteria,1
NR_028989.1	d__Bacteria,1
NR_028938.1	d__Bacteria,1
NR_028866.1	d__Bacteria,1
NR_028828.1	d__Bacteria,1
NR_025035.1	d__Bacteria,1
NR_028682.1	d__Bacteria,1
NR_028652.1	d__Bacteria,1
NR_028651.1	d__Bacteria,1
NR_028644.1	d__Bacteria,1
NR_027597.1	d__Bacteria,1
NR_027596.1	d__Bacteria,1
NR_027576.1	d__Bacteria,1
NR_027570.1	d__Bacteria,1
NR_027545.1	d__Bacteria,1
NR_027544.1	d__Bacteria,1
NR_027540.1	d__Bacteria,1
NR_027537.1	d__Bacteria,1
NR_027532.1	d__Bacteria,1
NR_027524.1	d__Bacteria,1
NR_027196.1	d__Bacteria,1
NR_025609.1	d__Bacteria,1
NR_025569.1	d__Bacteria,1
NR_025484.1	d__Bacteria,1
NR_025452.1	d__Bacteria,1
NR_025410.1	d__Bacteria,1
NR_025392.1	d__Bacteria,1
NR_025378.1	d__Bacteria,1
NR_025347.1	d__Bacteria,1
NR_025337.1	d__Bacteria,1
NR_025333.1	d__Bacteria,1
NR_025332.1	d__Bacteria,1
NR_025243.1	d__Bacteria,1
NR_025121.1	d__Bacteria,1
NR_025117.1	d__Bacteria,1
NR_025059.1	d__Bacteria,1
NR_025035.1	d__Bacteria,1
NR_024952.1	d__Bacteria,1
NR_024932.1	d__Bacteria,1
NR_024905.1	d__Bacteria,1
NR_024904.1	d__Bacteria,1
NR_024816.1	d__Bacteria,1
NR_024769.1	d__Bacteria,1
NR_024659.1	d__Bacteria,1
NR_024641.1	d__Bacteria,1
NR_026417.1	d__Bacteria,1
NR_026349.1	d__Bacteria,1
NR_026335.1	d__Bacteria,1
NR_026210.1	d__Bacteria,1
NR_026126.1	d__Bacteria,1
NR_026095.1	d__Bacteria,1
NR_026083.1	d__Bacteria,1
NR_026083.1	d__Bacteria,1
NR_026025.1	d__Bacteria,1
NR_025971.1	d__Bacteria,1
NR_025941.1	d__Bacteria,1
NR_025863.1	d__Bacteria,1
NR_025860.1	d__Bacteria,1
NR_025760.1	d__Bacteria,1
NR_025674.1	d__Bacteria,1
NR_037084.1	d__Bacteria,1
NR_037019.1	d__Bacteria,1
NR_036961.1	d__Bacteria,1
NR_042922.1	d__Bacteria,1
NR_042916.1	d__Bacteria,1
NR_042915.1	d__Bacteria,1
NR_041870.1	d__Bacteria,1
NR_036972.1	d__Bacteria,1
NR_036809.1	d__Bacteria,1
NR_036805.1	d__Bacteria,1
NR_036803.1	d__Bacteria,1
NR_036791.1	d__Bacteria,1
NR_025615.1	d__Bacteria,1
NR_025584.1	d__Bacteria,1
NR_028945.2	d__Bacteria,1
NR_125584.1	d__Bacteria,1
NR_118913.1	d__Bacteria,1
NR_118113.1	d__Bacteria,1
NR_117431.1	d__Bacteria,1
NR_029341.1	d__Bacteria,1
NR_117974.1	d__Bacteria,1
NR_025292.1	d__Bacteria,1
NR_113561.1	d__Bacteria,1
NR_112831.1	d__Bacteria,1
NR_108477.1	d__Bacteria,1
NR_041460.1	d__Bacteria,1
NR_041055.1	d__Bacteria,1
NR_119311.1	d__Bacteria,1
NR_044862.1	d__Bacteria,1
NR_041910.1	d__Bacteria,1
NR_115330.1	d__Bacteria,1
NR_044862.1	d__Bacteria,1
NR_041910.1	d__Bacteria,1
NR_025453.1	d__Bacteria,1
NR_025292.1	d__Bacteria,1
NR_026048.1	d__Bacteria,0
NR_041095.1	d__Bacteria,0
NR_026048.1	d__Bacteria,0
NR_041095.1	d__Bacteria,0
NR_104963.1	d__Bacteria,0
NR_026386.1	d__Bacteria,0
NR_026386.1	d__Bacteria,0
NR_153752.1	d__Bacteria,0
NR_025976.1	d__Bacteria,0
NR_036849.2	d__Bacteria,0
NR_025976.1	d__Bacteria,0
NR_025976.1	d__Bacteria,0
NR_025975.1	d__Bacteria,0
NR_025975.1	d__Bacteria,0
NR_025976.1	d__Bacteria,0
NR_125698.1	d__Bacteria,0
NR_125698.1	d__Bacteria,0
NR_118984.1	d__Bacteria,0
NR_118559.1	d__Bacteria,0
NR_114464.1	d__Bacteria,0
NR_041757.1	d__Bacteria,0
NR_114989.1	d__Bacteria,0
NR_113739.1	d__Bacteria,0
NR_037135.1	d__Bacteria,0
NR_042764.1	d__Bacteria,0
NR_026532.1	d__Bacteria,0
NR_041799.1	d__Bacteria,0
NR_117203.1	d__Bacteria,0
NR_104893.1	d__Bacteria,0
NR_041225.1	d__Bacteria,0
NR_115258.1	d__Bacteria,0
NR_104893.1	d__Bacteria,0
NR_042790.1	d__Bacteria,0
NR_112240.1	d__Bacteria,0
NR_104856.1	d__Bacteria,0
NR_043716.1	d__Bacteria,0
NR_041947.1	d__Bacteria,0
NR_025976.1	d__Bacteria,0
NR_025976.1	d__Bacteria,0
NR_113673.1	d__Bacteria,0
NR_113739.1	d__Bacteria,0
NR_025976.1	d__Bacteria,0
NR_116534.1	d__Bacteria,0
NR_116531.1	d__Bacteria,0
NR_112583.1	d__Bacteria,0
NR_112117.1	d__Bacteria,0
NR_116151.1	d__Bacteria,0
NR_118856.1	d__Bacteria,0
NR_113167.1	d__Bacteria,0
NR_125442.1	d__Bacteria,0
NR_041977.1	d__Bacteria,0
NR_114714.1	d__Bacteria,0
NR_041973.1	d__Bacteria,0
NR_118856.1	d__Bacteria,0
NR_041971.1	d__Bacteria,0
NR_041970.1	d__Bacteria,0
NR_041976.1	d__Bacteria,0
NR_041974.1	d__Bacteria,0
NR_044800.1	d__Bacteria,0
NR_041095.1	d__Bacteria,0
NR_044800.1	d__Bacteria,0
NR_074936.1	d__Bacteria,0
NR_026105.1	d__Bacteria,0
NR_113608.1	d__Bacteria,0
NR_036780.1	d__Bacteria,0
NR_113670.1	d__Bacteria,0
NR_025976.1	d__Bacteria,0
NR_041977.1	d__Bacteria,0
NR_041976.1	d__Bacteria,0
NR_041973.1	d__Bacteria,0
NR_118856.1	d__Bacteria,0
NR_041971.1	d__Bacteria,0
NR_041970.1	d__Bacteria,0
NR_104893.1	d__Bacteria,0
NR_042575.1	d__Bacteria,0
NR_025976.1	d__Bacteria,0
NR_044980.1	d__Bacteria,0
NR_114704.1	d__Bacteria,0
NR_026046.1	d__Bacteria,0
NR_118273.1	d__Bacteria,0
NR_041971.1	d__Bacteria,0
NR_112240.1	d__Bacteria,0
NR_112240.1	d__Bacteria,0
NR_112240.1	d__Bacteria,0
NR_026107.1	d__Bacteria,0
NR_113673.1	d__Bacteria,0
NR_113673.1	d__Bacteria,0
NR_041921.1	d__Bacteria,0
NR_118122.1	d__Bacteria,0
NR_118120.1	d__Bacteria,0
NR_116151.1	d__Bacteria,0
NR_024707.1	d__Bacteria,0
NR_027230.1	d__Bacteria,0
NR_043716.1	d__Bacteria,0
NR_117526.1	d__Bacteria,0
NR_114464.1	d__Bacteria,0
NR_114465.1	d__Bacteria,0
NR_117353.1	d__Bacteria,0
NR_026107.1	d__Bacteria,0
NR_113238.1	d__Bacteria,0
NR_104963.1	d__Bacteria,0
NR_043980.1	d__Bacteria,0
NR_116755.1	d__Bacteria,0
NR_116755.1	d__Bacteria,0
NR_044101.1	d__Bacteria,0
NR_041970.1	d__Bacteria,0
NR_116700.1	d__Bacteria,0
NR_116534.1	d__Bacteria,0
NR_042790.1	d__Bacteria,0
NR_116531.1	d__Bacteria,0
NR_116282.1	d__Bacteria,0
NR_116151.1	d__Bacteria,0
NR_114465.1	d__Bacteria,0
NR_041757.1	d__Bacteria,0
NR_043980.1	d__Bacteria,0
NR_114704.1	d__Bacteria,0
NR_041971.1	d__Bacteria,0
NR_026046.1	d__Bacteria,0
NR_044980.1	d__Bacteria,0
NR_041779.1	d__Bacteria,0
NR_041799.1	d__Bacteria,0
NR_043716.1	d__Bacteria,0
NR_036999.1	d__Bacteria,0
NR_036998.1	d__Bacteria,0
NR_113673.1	d__Bacteria,0
NR_112784.1	d__Bacteria,0
NR_113608.1	d__Bacteria,0
NR_036780.1	d__Bacteria,0
NR_104893.1	d__Bacteria,0
NR_113670.1	d__Bacteria,0
NR_113739.1	d__Bacteria,0
NR_113608.1	d__Bacteria,0
NR_112784.1	d__Bacteria,0
NR_025976.1	d__Bacteria,0
NR_025976.1	d__Bacteria,0
NR_025976.1	d__Bacteria,0
NR_025976.1	d__Bacteria,0
NR_036885.1	d__Bacteria,0
NR_115034.1	d__Bacteria,0
NR_115032.1	d__Bacteria,0
NR_113608.1	d__Bacteria,0
NR_114989.1	d__Bacteria,0
NR_028717.1	d__Bacteria,0
NR_041799.1	d__Bacteria,0
NR_036998.1	d__Bacteria,0
NR_041063.1	d__Bacteria,0
NR_114714.1	d__Bacteria,0
NR_113238.1	d__Bacteria,0
NR_041975.1	d__Bacteria,0
NR_041969.1	d__Bacteria,0
NR_114704.1	d__Bacteria,0
NR_041799.1	d__Bacteria,0
NR_041779.1	d__Bacteria,0
NR_041970.1	d__Bacteria,0
NR_042120.1	d__Bacteria,0
NR_042764.1	d__Bacteria,0
NR_114465.1	d__Bacteria,0
NR_114464.1	d__Bacteria,0
NR_042120.1	d__Bacteria,0
NR_041757.1	d__Bacteria,0
NR_036931.1	d__Bacteria,0
NR_041799.1	d__Bacteria,0
NR_025947.1	d__Bacteria,0
NR_041759.1	d__Bacteria,0
NR_026364.1	d__Bacteria,0
NR_028716.1	d__Bacteria,0
NR_028717.1	d__Bacteria,0
NR_113739.1	d__Bacteria,0
NR_036780.1	d__Bacteria,0
NR_113673.1	d__Bacteria,0
NR_113670.1	d__Bacteria,0
NR_112784.1	d__Bacteria,0
NR_104893.1	d__Bacteria,0
NR_113608.1	d__Bacteria,0
NR_043398.1	d__Bacteria,0
NR_113238.1	d__Bacteria,0
NR_041970.1	d__Bacteria,0
NR_113238.1	d__Bacteria,0
NR_026384.1	d__Bacteria,0
NR_029332.1	d__Bacteria,0
NR_113167.1	d__Bacteria,0
NR_112784.1	d__Bacteria,0
NR_112117.1	d__Bacteria,0
NR_112583.1	d__Bacteria,0
NR_026316.1	d__Bacteria,0
NR_041974.1	d__Bacteria,0
NR_041970.1	d__Bacteria,0
NR_043845.1	d__Bacteria,0
NR_043504.1	d__Bacteria,0
NR_112240.1	d__Bacteria,0
NR_112117.1	d__Bacteria,0
NR_041759.1	d__Bacteria,0
NR_027230.1	d__Bacteria,0
NR_026532.1	d__Bacteria,0
NR_104773.1	d__Bacteria,0
NR_104963.1	d__Bacteria,0
NR_104963.1	d__Bacteria,0
NR_104957.1	d__Bacteria,0
NR_104949.1	d__Bacteria,0
NR_044800.1	d__Bacteria,0
NR_104925.1	d__Bacteria,0
NR_104893.1	d__Bacteria,0
NR_104847.1	d__Bacteria,0
NR_104792.1	d__Bacteria,0
NR_104773.1	d__Bacteria,0
NR_104569.1	d__Bacteria,0
NR_043398.1	d__Bacteria,0
NR_074936.1	d__Bacteria,0
NR_025976.1	d__Bacteria,0
NR_044980.1	d__Bacteria,0
NR_044924.1	d__Bacteria,0
NR_044800.1	d__Bacteria,0
NR_044101.1	d__Bacteria,0
NR_043980.1	d__Bacteria,0
NR_043845.1	d__Bacteria,0
NR_043504.1	d__Bacteria,0
NR_043398.1	d__Bacteria,0
NR_043178.1	d__Bacteria,0
NR_042790.1	d__Bacteria,0
NR_042764.1	d__Bacteria,0
NR_042575.1	d__Bacteria,0
NR_042315.1	d__Bacteria,0
NR_042120.1	d__Bacteria,0
NR_041977.1	d__Bacteria,0
NR_041976.1	d__Bacteria,0
NR_041975.1	d__Bacteria,0
NR_041974.1	d__Bacteria,0
NR_041973.1	d__Bacteria,0
NR_041971.1	d__Bacteria,0
NR_041970.1	d__Bacteria,0
NR_041969.1	d__Bacteria,0
NR_041921.1	d__Bacteria,0
NR_041923.1	d__Bacteria,0
NR_041922.1	d__Bacteria,0
NR_041921.1	d__Bacteria,0
NR_041779.1	d__Bacteria,0
NR_041779.1	d__Bacteria,0
NR_041759.1	d__Bacteria,0
NR_041225.1	d__Bacteria,0
NR_041095.1	d__Bacteria,0
NR_041063.1	d__Bacteria,0
NR_025975.1	d__Bacteria,0
NR_040802.1	d__Bacteria,0
NR_040798.1	d__Bacteria,0
NR_043716.1	d__Bacteria,0
NR_041799.1	d__Bacteria,0
NR_037136.1	d__Bacteria,0
NR_037135.1	d__Bacteria,0
NR_037095.1	d__Bacteria,0
NR_036999.1	d__Bacteria,0
NR_036998.1	d__Bacteria,0
NR_036968.1	d__Bacteria,0
NR_036931.1	d__Bacteria,0
NR_036885.1	d__Bacteria,0
NR_036830.1	d__Bacteria,0
NR_036780.1	d__Bacteria,0
NR_029332.1	d__Bacteria,0
NR_029331.1	d__Bacteria,0
NR_029051.1	d__Bacteria,0
NR_029050.1	d__Bacteria,0
NR_028973.1	d__Bacteria,0
NR_028786.1	d__Bacteria,0
NR_028717.1	d__Bacteria,0
NR_028626.1	d__Bacteria,0
NR_027230.1	d__Bacteria,0
NR_025550.1	d__Bacteria,0
NR_025549.1	d__Bacteria,0
NR_025467.1	d__Bacteria,0
NR_025293.1	d__Bacteria,0
NR_025164.1	d__Bacteria,0
NR_025156.1	d__Bacteria,0
NR_025155.1	d__Bacteria,0
NR_024951.1	d__Bacteria,0
NR_024707.1	d__Bacteria,0
NR_026532.1	d__Bacteria,0
NR_026519.1	d__Bacteria,0
NR_026392.1	d__Bacteria,0
NR_026391.1	d__Bacteria,0
NR_026390.1	d__Bacteria,0
NR_026387.1	d__Bacteria,0
NR_026386.1	d__Bacteria,0
NR_026385.1	d__Bacteria,0
NR_026384.1	d__Bacteria,0
NR_026383.1	d__Bacteria,0
NR_026364.1	d__Bacteria,0
NR_026320.1	d__Bacteria,0
NR_026319.1	d__Bacteria,0
NR_026318.1	d__Bacteria,0
NR_026317.1	d__Bacteria,0
NR_026316.1	d__Bacteria,0
NR_026159.1	d__Bacteria,0
NR_026157.1	d__Bacteria,0
NR_026105.1	d__Bacteria,0
NR_026048.1	d__Bacteria,0
NR_026046.1	d__Bacteria,0
NR_025975.1	d__Bacteria,0
NR_025947.1	d__Bacteria,0
NR_041757.1	d__Bacteria,0
NR_028826.1	d__Bacteria,0
NR_028716.1	d__Bacteria,0
NR_026389.1	d__Bacteria,0
NR_026388.1	d__Bacteria,0
NR_026107.1	d__Bacteria,0
NR_025976.1	d__Bacteria,0
NR_144604.1	d__Bacteria,0
NR_144604.1	d__Bacteria,0
NR_113061.1	d__Bacteria,0
NR_126291.1	d__Bacteria,0
NR_041103.1	d__Bacteria,0
NR_114493.1	d__Bacteria,0
NR_042748.1	d__Bacteria,0
NR_041585.1	d__Bacteria,0
NR_041103.1	d__Bacteria,0
NR_037102.1	d__Bacteria,0
